device,context,time,utilization,total memory (MB),free memory (MB),used memory (MB),Memory not used by torch (MB)
0,,2023-05-11 14:27:35,0,49140,48176,964,455
0,,2023-05-11 14:27:36,0,49140,48176,964,455
0,,2023-05-11 14:27:37,0,49140,48176,964,455
0,,2023-05-11 14:27:38,0,49140,48176,964,455
0,,2023-05-11 14:27:39,0,49140,48176,964,455
0,,2023-05-11 14:27:40,0,49140,48176,964,455
0,,2023-05-11 14:27:41,0,49140,48176,964,455
0,,2023-05-11 14:27:42,0,49140,48176,964,455
0,,2023-05-11 14:27:43,0,49140,48176,964,455
0,,2023-05-11 14:27:44,0,49140,48176,964,455
0,,2023-05-11 14:27:45,0,49140,48176,964,455
0,,2023-05-11 14:27:46,0,49140,48176,964,455
0,,2023-05-11 14:27:47,0,49140,48176,964,455
0,,2023-05-11 14:27:48,0,49140,48176,964,455
0,,2023-05-11 14:27:49,0,49140,48176,964,455
0,,2023-05-11 14:27:50,0,49140,48176,964,455
0,,2023-05-11 14:27:51,0,49140,48176,964,455
0,,2023-05-11 14:27:52,0,49140,48176,964,455
0,,2023-05-11 14:27:53,0,49140,48176,964,455
0,,2023-05-11 14:27:54,0,49140,47800,1340,455
0,,2023-05-11 14:27:55,2,49140,47458,1682,455
0,,2023-05-11 14:27:56,0,49140,47400,1740,455
0,,2023-05-11 14:27:57,0,49140,47232,1908,455
0,,2023-05-11 14:27:58,0,49140,47222,1918,455
0,,2023-05-11 14:27:59,22,49140,46018,3122,455
0,,2023-05-11 14:28:00,22,49140,46018,3122,455
0,,2023-05-11 14:28:01,1,49140,46018,3122,455
0,,2023-05-11 14:28:02,0,49140,46018,3122,455
0,,2023-05-11 14:28:03,0,49140,46018,3122,455
0,,2023-05-11 14:28:04,22,49140,44836,4304,455
0,,2023-05-11 14:28:05,0,49140,44182,4958,455
0,,2023-05-11 14:28:06,21,49140,44182,4958,455
0,,2023-05-11 14:28:08,12,49140,44182,4958,455
0,,2023-05-11 14:28:09,1,49140,44182,4958,455
0,,2023-05-11 14:28:10,1,49140,44182,4958,455
0,,2023-05-11 14:28:11,0,49140,44182,4958,455
0,,2023-05-11 14:28:12,21,49140,44176,4964,455
0,,2023-05-11 14:28:13,1,49140,44176,4964,455
0,,2023-05-11 14:28:14,22,49140,44176,4964,455
0,,2023-05-11 14:28:15,22,49140,44176,4964,455
0,,2023-05-11 14:28:16,29,49140,44176,4964,455
0,,2023-05-11 14:28:17,0,49140,44176,4964,455
0,,2023-05-11 14:28:18,0,49140,44176,4964,455
0,,2023-05-11 14:28:19,22,49140,44176,4964,455
0,,2023-05-11 14:28:20,2,49140,44176,4964,455
0,,2023-05-11 14:28:21,11,49140,44176,4964,455
0,,2023-05-11 14:28:22,21,49140,44176,4964,455
0,,2023-05-11 14:28:23,0,49140,44176,4964,455
0,,2023-05-11 14:28:24,23,49140,44176,4964,455
0,,2023-05-11 14:28:25,10,49140,44176,4964,455
0,,2023-05-11 14:28:26,1,49140,44176,4964,455
0,,2023-05-11 14:28:27,20,49140,44176,4964,455
0,,2023-05-11 14:28:28,1,49140,44176,4964,455
0,,2023-05-11 14:28:29,22,49140,44176,4964,455
0,,2023-05-11 14:28:30,19,49140,44176,4964,455
0,,2023-05-11 14:28:31,25,49140,44176,4964,455
0,,2023-05-11 14:28:32,0,49140,44176,4964,455
0,,2023-05-11 14:28:33,0,49140,44176,4964,455
0,,2023-05-11 14:28:34,15,49140,44176,4964,455
0,,2023-05-11 14:28:35,22,49140,44176,4964,455
0,,2023-05-11 14:28:36,1,49140,44176,4964,455
0,,2023-05-11 14:28:37,22,49140,44176,4964,455
0,,2023-05-11 14:28:38,22,49140,44176,4964,455
0,,2023-05-11 14:28:39,1,49140,44176,4964,455
0,,2023-05-11 14:28:40,0,49140,44176,4964,455
0,,2023-05-11 14:28:41,4,49140,44176,4964,455
0,,2023-05-11 14:28:42,1,49140,44176,4964,455
0,,2023-05-11 14:28:43,22,49140,44176,4964,455
0,,2023-05-11 14:28:44,2,49140,44176,4964,455
0,,2023-05-11 14:28:45,1,49140,44176,4964,455
0,,2023-05-11 14:28:46,0,49140,44176,4964,455
0,,2023-05-11 14:28:47,0,49140,44176,4964,455
0,,2023-05-11 14:28:48,63,49140,44176,4964,455
0,,2023-05-11 14:28:49,0,49140,44176,4964,455
0,,2023-05-11 14:28:50,0,49140,44176,4964,455
0,,2023-05-11 14:28:51,16,49140,44176,4964,455
0,,2023-05-11 14:28:52,22,49140,44176,4964,455
0,,2023-05-11 14:28:53,21,49140,44176,4964,455
0,,2023-05-11 14:28:54,0,49140,44176,4964,455
0,,2023-05-11 14:28:55,22,49140,44176,4964,455
0,,2023-05-11 14:28:56,19,49140,44176,4964,455
0,,2023-05-11 14:28:57,0,49140,44176,4964,455
0,,2023-05-11 14:28:58,12,49140,44048,5092,455
0,,2023-05-11 14:28:59,1,49140,44048,5092,455
0,,2023-05-11 14:29:00,22,49140,44048,5092,455
0,,2023-05-11 14:29:01,16,49140,44048,5092,455
0,,2023-05-11 14:29:02,0,49140,44048,5092,455
0,,2023-05-11 14:29:03,22,49140,44048,5092,455
0,,2023-05-11 14:29:04,5,49140,44048,5092,455
0,,2023-05-11 14:29:05,1,49140,44048,5092,455
0,,2023-05-11 14:29:06,0,49140,44048,5092,455
0,,2023-05-11 14:29:07,21,49140,44048,5092,455
0,,2023-05-11 14:29:08,22,49140,44048,5092,455
0,,2023-05-11 14:29:09,0,49140,44048,5092,455
0,,2023-05-11 14:29:10,20,49140,44048,5092,455
0,,2023-05-11 14:29:11,20,49140,44048,5092,455
0,,2023-05-11 14:29:12,2,49140,44048,5092,455
0,,2023-05-11 14:29:13,1,49140,44048,5092,455
0,,2023-05-11 14:29:14,0,49140,44048,5092,455
0,,2023-05-11 14:29:15,21,49140,44048,5092,455
0,,2023-05-11 14:29:16,1,49140,44048,5092,455
0,,2023-05-11 14:29:17,1,49140,44048,5092,455
0,,2023-05-11 14:29:18,22,49140,44048,5092,455
0,,2023-05-11 14:29:19,61,49140,44048,5092,455
0,,2023-05-11 14:29:20,0,49140,44048,5092,455
0,,2023-05-11 14:29:21,1,49140,44048,5092,455
0,,2023-05-11 14:29:22,0,49140,44048,5092,455
0,,2023-05-11 14:29:23,0,49140,44048,5092,455
0,,2023-05-11 14:29:24,4,49140,44048,5092,455
0,,2023-05-11 14:29:25,58,49140,44048,5092,455
0,,2023-05-11 14:29:26,0,49140,44048,5092,455
0,,2023-05-11 14:29:27,12,49140,44048,5092,455
0,,2023-05-11 14:29:28,6,49140,44048,5092,455
0,,2023-05-11 14:29:29,14,49140,44048,5092,455
0,,2023-05-11 14:29:30,22,49140,44048,5092,455
0,,2023-05-11 14:29:31,21,49140,44048,5092,455
0,,2023-05-11 14:29:32,23,49140,44048,5092,455
0,,2023-05-11 14:29:33,0,49140,44048,5092,455
0,,2023-05-11 14:29:34,21,49140,44048,5092,455
0,,2023-05-11 14:29:35,22,49140,44048,5092,455
0,,2023-05-11 14:29:36,23,49140,44824,4316,455
0,,2023-05-11 14:29:37,22,49140,44824,4316,455
0,,2023-05-11 14:29:38,22,49140,44824,4316,455
0,,2023-05-11 14:29:39,35,49140,44696,4444,455
0,,2023-05-11 14:29:40,0,49140,44696,4444,455
0,,2023-05-11 14:29:41,0,49140,44696,4444,455
0,,2023-05-11 14:29:42,0,49140,44696,4444,455
0,,2023-05-11 14:29:43,0,49140,44696,4444,455
0,,2023-05-11 14:29:44,0,49140,44696,4444,455
0,,2023-05-11 14:29:45,0,49140,44696,4444,455
0,,2023-05-11 14:29:46,0,49140,44696,4444,455
0,,2023-05-11 14:29:47,0,49140,44696,4444,455
0,,2023-05-11 14:29:48,0,49140,44696,4444,455
0,,2023-05-11 14:29:49,0,49140,44696,4444,455
0,,2023-05-11 14:29:50,0,49140,44696,4444,455
0,,2023-05-11 14:29:51,0,49140,44696,4444,455
0,,2023-05-11 14:29:52,0,49140,44696,4444,455
0,,2023-05-11 14:29:53,0,49140,44696,4444,455
0,,2023-05-11 14:29:54,0,49140,44696,4444,455
0,,2023-05-11 14:29:55,0,49140,44696,4444,455
0,,2023-05-11 14:29:56,0,49140,44696,4444,455
0,,2023-05-11 14:29:57,0,49140,44696,4444,455
0,,2023-05-11 14:29:58,0,49140,44696,4444,455
0,,2023-05-11 14:29:59,2,49140,44202,4938,455
0,,2023-05-11 14:30:00,1,49140,43644,5496,455
0,,2023-05-11 14:30:01,0,49140,43586,5554,455
0,,2023-05-11 14:30:02,0,49140,43586,5554,455
0,,2023-05-11 14:30:03,0,49140,43586,5554,455
0,,2023-05-11 14:30:04,14,49140,42542,6598,455
0,,2023-05-11 14:30:05,100,49140,42542,6598,455
0,,2023-05-11 14:30:06,94,49140,41150,7990,455
0,,2023-05-11 14:30:07,0,49140,41150,7990,455
0,,2023-05-11 14:30:08,0,49140,41150,7990,455
0,,2023-05-11 14:30:09,0,49140,41150,7990,455
0,,2023-05-11 14:30:10,4,49140,41150,7990,455
0,,2023-05-11 14:30:11,0,49140,41150,7990,455
0,,2023-05-11 14:30:12,0,49140,41150,7990,455
0,,2023-05-11 14:30:13,0,49140,41150,7990,455
0,,2023-05-11 14:30:14,0,49140,41150,7990,455
0,,2023-05-11 14:30:15,8,49140,41150,7990,455
0,,2023-05-11 14:30:16,0,49140,41150,7990,455
0,,2023-05-11 14:30:17,0,49140,41150,7990,455
0,,2023-05-11 14:30:18,83,49140,40628,8512,455
0,,2023-05-11 14:30:19,100,49140,40628,8512,455
0,,2023-05-11 14:30:20,0,49140,40628,8512,455
0,,2023-05-11 14:30:21,0,49140,40628,8512,455
0,,2023-05-11 14:30:22,0,49140,40628,8512,455
0,,2023-05-11 14:30:23,0,49140,40628,8512,455
0,,2023-05-11 14:30:24,0,49140,40628,8512,455
0,,2023-05-11 14:30:25,0,49140,40628,8512,455
0,,2023-05-11 14:30:26,0,49140,40428,8712,455
0,,2023-05-11 14:30:27,0,49140,40428,8712,455
0,,2023-05-11 14:30:28,0,49140,40428,8712,455
0,,2023-05-11 14:30:29,4,49140,40428,8712,455
0,,2023-05-11 14:30:30,0,49140,40428,8712,455
0,,2023-05-11 14:30:31,98,49140,39262,9878,455
0,,2023-05-11 14:30:32,100,49140,39262,9878,455
0,,2023-05-11 14:30:33,5,49140,39262,9878,455
0,,2023-05-11 14:30:34,0,49140,39262,9878,455
0,,2023-05-11 14:30:35,0,49140,39262,9878,455
0,,2023-05-11 14:30:36,0,49140,39262,9878,455
0,,2023-05-11 14:30:37,0,49140,39262,9878,455
0,,2023-05-11 14:30:38,0,49140,39262,9878,455
0,,2023-05-11 14:30:39,3,49140,39262,9878,455
0,,2023-05-11 14:30:40,0,49140,39262,9878,455
0,,2023-05-11 14:30:41,7,49140,39262,9878,455
0,,2023-05-11 14:30:42,100,49140,39262,9878,455
0,,2023-05-11 14:30:43,100,49140,39262,9878,455
0,,2023-05-11 14:30:44,0,49140,39262,9878,455
0,,2023-05-11 14:30:45,0,49140,39262,9878,455
0,,2023-05-11 14:30:46,11,49140,39262,9878,455
0,,2023-05-11 14:30:47,0,49140,39262,9878,455
0,,2023-05-11 14:30:48,97,49140,39262,9878,455
0,,2023-05-11 14:30:49,100,49140,39262,9878,455
0,,2023-05-11 14:30:50,5,49140,39262,9878,455
0,,2023-05-11 14:30:51,0,49140,39262,9878,455
0,,2023-05-11 14:30:52,0,49140,39262,9878,455
0,,2023-05-11 14:30:53,0,49140,39262,9878,455
0,,2023-05-11 14:30:54,0,49140,39262,9878,455
0,,2023-05-11 14:30:55,100,49140,39262,9878,455
0,,2023-05-11 14:30:56,100,49140,39262,9878,455
0,,2023-05-11 14:30:57,0,49140,39262,9878,455
0,,2023-05-11 14:30:58,0,49140,39262,9878,455
0,,2023-05-11 14:30:59,0,49140,39262,9878,455
0,,2023-05-11 14:31:00,4,49140,39262,9878,455
0,,2023-05-11 14:31:01,0,49140,39262,9878,455
0,,2023-05-11 14:31:02,100,49140,39262,9878,455
0,,2023-05-11 14:31:03,100,49140,39262,9878,455
0,,2023-05-11 14:31:04,0,49140,39262,9878,455
0,,2023-05-11 14:31:05,0,49140,39262,9878,455
0,,2023-05-11 14:31:06,0,49140,39262,9878,455
0,,2023-05-11 14:31:07,0,49140,39262,9878,455
0,,2023-05-11 14:31:08,56,49140,39262,9878,455
0,,2023-05-11 14:31:09,100,49140,39262,9878,455
0,,2023-05-11 14:31:10,44,49140,39262,9878,455
0,,2023-05-11 14:31:11,0,49140,39262,9878,455
0,,2023-05-11 14:31:12,0,49140,39262,9878,455
0,,2023-05-11 14:31:13,0,49140,39262,9878,455
0,,2023-05-11 14:31:14,0,49140,39262,9878,455
0,,2023-05-11 14:31:15,100,49140,39262,9878,455
0,,2023-05-11 14:31:16,100,49140,39262,9878,455
0,,2023-05-11 14:31:17,0,49140,39262,9878,455
0,,2023-05-11 14:31:18,0,49140,39262,9878,455
0,,2023-05-11 14:31:19,0,49140,39262,9878,455
0,,2023-05-11 14:31:20,3,49140,39262,9878,455
0,,2023-05-11 14:31:21,0,49140,39262,9878,455
0,,2023-05-11 14:31:22,100,49140,39262,9878,455
0,,2023-05-11 14:31:23,100,49140,39262,9878,455
0,,2023-05-11 14:31:24,0,49140,39262,9878,455
0,,2023-05-11 14:31:25,0,49140,39262,9878,455
0,,2023-05-11 14:31:26,11,49140,39262,9878,455
0,,2023-05-11 14:31:27,0,49140,39262,9878,455
0,,2023-05-11 14:31:28,89,49140,39262,9878,455
0,,2023-05-11 14:31:29,100,49140,39262,9878,455
0,,2023-05-11 14:31:30,21,49140,38316,10824,455
0,,2023-05-11 14:31:31,100,49140,37718,11422,455
0,,2023-05-11 14:31:32,100,49140,37718,11422,455
0,,2023-05-11 14:31:33,0,49140,36524,12616,455
0,,2023-05-11 14:31:34,0,49140,36524,12616,455
0,,2023-05-11 14:31:35,0,49140,36524,12616,455
0,,2023-05-11 14:31:36,0,49140,36524,12616,455
0,,2023-05-11 14:31:37,0,49140,36524,12616,455
0,,2023-05-11 14:31:38,0,49140,36524,12616,455
0,,2023-05-11 14:31:39,0,49140,36524,12616,455
0,,2023-05-11 14:31:40,0,49140,36524,12616,455
0,,2023-05-11 14:31:41,96,49140,36524,12616,455
0,,2023-05-11 14:31:42,100,49140,36524,12616,455
0,,2023-05-11 14:31:43,100,49140,36524,12616,455
0,,2023-05-11 14:31:44,0,49140,36126,13014,455
0,,2023-05-11 14:31:45,0,49140,36126,13014,455
0,,2023-05-11 14:31:46,0,49140,36126,13014,455
0,,2023-05-11 14:31:47,0,49140,35528,13612,455
0,,2023-05-11 14:31:48,0,49140,35528,13612,455
0,,2023-05-11 14:31:49,100,49140,35528,13612,455
0,,2023-05-11 14:31:50,100,49140,35528,13612,455
0,,2023-05-11 14:31:51,100,49140,35528,13612,455
0,,2023-05-11 14:31:52,0,49140,35528,13612,455
0,,2023-05-11 14:31:53,0,49140,35528,13612,455
0,,2023-05-11 14:31:54,0,49140,35528,13612,455
0,,2023-05-11 14:31:55,5,49140,35528,13612,455
0,,2023-05-11 14:31:56,0,49140,35528,13612,455
0,,2023-05-11 14:31:57,100,49140,35528,13612,455
0,,2023-05-11 14:31:58,100,49140,35528,13612,455
0,,2023-05-11 14:31:59,100,49140,35528,13612,455
0,,2023-05-11 14:32:00,0,49140,35528,13612,455
0,,2023-05-11 14:32:01,0,49140,35528,13612,455
0,,2023-05-11 14:32:02,0,49140,35528,13612,455
0,,2023-05-11 14:32:03,3,49140,35528,13612,455
0,,2023-05-11 14:32:04,0,49140,35528,13612,455
0,,2023-05-11 14:32:05,100,49140,35528,13612,455
0,,2023-05-11 14:32:06,100,49140,35528,13612,455
0,,2023-05-11 14:32:07,88,49140,35528,13612,455
0,,2023-05-11 14:32:08,0,49140,35528,13612,455
0,,2023-05-11 14:32:09,0,49140,35528,13612,455
0,,2023-05-11 14:32:10,13,49140,35528,13612,455
0,,2023-05-11 14:32:11,0,49140,35528,13612,455
0,,2023-05-11 14:32:12,0,49140,35528,13612,455
0,,2023-05-11 14:32:13,100,49140,35528,13612,455
0,,2023-05-11 14:32:14,100,49140,35528,13612,455
0,,2023-05-11 14:32:15,2,49140,35528,13612,455
0,,2023-05-11 14:32:16,0,49140,35528,13612,455
0,,2023-05-11 14:32:17,0,49140,35528,13612,455
0,,2023-05-11 14:32:18,4,49140,35528,13612,455
0,,2023-05-11 14:32:19,0,49140,35528,13612,455
0,,2023-05-11 14:32:20,33,49140,35528,13612,455
0,,2023-05-11 14:32:21,100,49140,35528,13612,455
0,,2023-05-11 14:32:22,100,49140,35528,13612,455
0,,2023-05-11 14:32:23,0,49140,35528,13612,455
0,,2023-05-11 14:32:24,0,49140,35528,13612,455
0,,2023-05-11 14:32:25,0,49140,35528,13612,455
0,,2023-05-11 14:32:26,0,49140,35528,13612,455
0,,2023-05-11 14:32:27,0,49140,35528,13612,455
0,,2023-05-11 14:32:28,84,49140,35528,13612,455
0,,2023-05-11 14:32:29,100,49140,35528,13612,455
0,,2023-05-11 14:32:30,100,49140,35528,13612,455
0,,2023-05-11 14:32:31,0,49140,35528,13612,455
0,,2023-05-11 14:32:32,0,49140,35528,13612,455
0,,2023-05-11 14:32:33,0,49140,35528,13612,455
0,,2023-05-11 14:32:34,0,49140,35528,13612,455
0,,2023-05-11 14:32:35,0,49140,35528,13612,455
0,,2023-05-11 14:32:36,100,49140,35528,13612,455
0,,2023-05-11 14:32:37,100,49140,35528,13612,455
0,,2023-05-11 14:32:38,100,49140,35528,13612,455
0,,2023-05-11 14:32:39,0,49140,35528,13612,455
0,,2023-05-11 14:32:40,0,49140,35528,13612,455
0,,2023-05-11 14:32:41,0,49140,35528,13612,455
0,,2023-05-11 14:32:42,0,49140,35528,13612,455
0,,2023-05-11 14:32:43,0,49140,35528,13612,455
0,,2023-05-11 14:32:44,100,49140,35528,13612,455
0,,2023-05-11 14:32:45,100,49140,35528,13612,455
0,,2023-05-11 14:32:46,100,49140,35528,13612,455
0,,2023-05-11 14:32:47,0,49140,35528,13612,455
0,,2023-05-11 14:32:48,0,49140,35528,13612,455
0,,2023-05-11 14:32:49,0,49140,35528,13612,455
0,,2023-05-11 14:32:51,0,49140,35528,13612,455
0,,2023-05-11 14:32:52,0,49140,35528,13612,455
0,,2023-05-11 14:32:53,100,49140,35528,13612,455
0,,2023-05-11 14:32:54,100,49140,35528,13612,455
0,,2023-05-11 14:32:55,73,49140,35528,13612,455
0,,2023-05-11 14:32:56,100,49140,35528,13612,455
0,,2023-05-11 14:32:57,100,49140,35528,13612,455
0,,2023-05-11 14:32:58,0,49140,35528,13612,455
0,,2023-05-11 14:32:59,0,49140,35528,13612,455
0,,2023-05-11 14:33:00,0,49140,35528,13612,455
0,,2023-05-11 14:33:01,0,49140,35528,13612,455
0,,2023-05-11 14:33:02,0,49140,35528,13612,455
0,,2023-05-11 14:33:03,1,49140,35528,13612,455
0,,2023-05-11 14:33:04,0,49140,35528,13612,455
0,,2023-05-11 14:33:05,92,49140,35528,13612,455
0,,2023-05-11 14:33:06,100,49140,35528,13612,455
0,,2023-05-11 14:33:07,5,49140,35528,13612,455
0,,2023-05-11 14:33:08,0,49140,35528,13612,455
0,,2023-05-11 14:33:09,0,49140,35528,13612,455
0,,2023-05-11 14:33:10,1,49140,35528,13612,455
0,,2023-05-11 14:33:11,0,49140,35528,13612,455
0,,2023-05-11 14:33:12,100,49140,35528,13612,455
0,,2023-05-11 14:33:13,100,49140,35528,13612,455
0,,2023-05-11 14:33:14,0,49140,35528,13612,455
0,,2023-05-11 14:33:15,0,49140,35528,13612,455
0,,2023-05-11 14:33:16,0,49140,35528,13612,455
0,,2023-05-11 14:33:17,0,49140,35528,13612,455
0,,2023-05-11 14:33:18,100,49140,35528,13612,455
0,,2023-05-11 14:33:19,100,49140,35528,13612,455
0,,2023-05-11 14:33:20,0,49140,35528,13612,455
0,,2023-05-11 14:33:21,0,49140,35528,13612,455
0,,2023-05-11 14:33:22,0,49140,35528,13612,455
0,,2023-05-11 14:33:23,4,49140,35528,13612,455
0,,2023-05-11 14:33:24,0,49140,35528,13612,455
0,,2023-05-11 14:33:25,100,49140,35528,13612,455
0,,2023-05-11 14:33:26,100,49140,35528,13612,455
0,,2023-05-11 14:33:27,0,49140,35528,13612,455
0,,2023-05-11 14:33:28,0,49140,35528,13612,455
0,,2023-05-11 14:33:29,9,49140,35528,13612,455
0,,2023-05-11 14:33:30,0,49140,35528,13612,455
0,,2023-05-11 14:33:31,100,49140,35528,13612,455
0,,2023-05-11 14:33:32,100,49140,35528,13612,455
0,,2023-05-11 14:33:33,0,49140,35528,13612,455
0,,2023-05-11 14:33:34,0,49140,35528,13612,455
0,,2023-05-11 14:33:35,0,49140,35528,13612,455
0,,2023-05-11 14:33:36,4,49140,35528,13612,455
0,,2023-05-11 14:33:37,0,49140,35528,13612,455
0,,2023-05-11 14:33:38,100,49140,35528,13612,455
0,,2023-05-11 14:33:39,100,49140,35528,13612,455
0,,2023-05-11 14:33:40,0,49140,35528,13612,455
0,,2023-05-11 14:33:41,0,49140,35528,13612,455
0,,2023-05-11 14:33:42,11,49140,35528,13612,455
0,,2023-05-11 14:33:43,0,49140,35528,13612,455
0,,2023-05-11 14:33:44,100,49140,35528,13612,455
0,,2023-05-11 14:33:45,100,49140,35528,13612,455
0,,2023-05-11 14:33:46,0,49140,35528,13612,455
0,,2023-05-11 14:33:47,0,49140,35528,13612,455
0,,2023-05-11 14:33:48,0,49140,35528,13612,455
0,,2023-05-11 14:33:49,4,49140,35528,13612,455
0,,2023-05-11 14:33:50,0,49140,35528,13612,455
0,,2023-05-11 14:33:51,100,49140,35528,13612,455
0,,2023-05-11 14:33:52,100,49140,35528,13612,455
0,,2023-05-11 14:33:53,0,49140,35528,13612,455
0,,2023-05-11 14:33:54,0,49140,35528,13612,455
0,,2023-05-11 14:33:55,11,49140,35528,13612,455
0,,2023-05-11 14:33:56,0,49140,35528,13612,455
0,,2023-05-11 14:33:57,100,49140,35528,13612,455
0,,2023-05-11 14:33:58,100,49140,35528,13612,455
0,,2023-05-11 14:33:59,0,49140,35528,13612,455
0,,2023-05-11 14:34:00,0,49140,35528,13612,455
0,,2023-05-11 14:34:01,0,49140,35528,13612,455
0,,2023-05-11 14:34:02,4,49140,35528,13612,455
0,,2023-05-11 14:34:03,0,49140,35528,13612,455
0,,2023-05-11 14:34:04,100,49140,35528,13612,455
0,,2023-05-11 14:34:05,100,49140,35528,13612,455
0,,2023-05-11 14:34:06,100,49140,35528,13612,455
0,,2023-05-11 14:34:07,100,49140,35528,13612,455
0,,2023-05-11 14:34:08,100,49140,35528,13612,455
0,,2023-05-11 14:34:09,0,49140,35528,13612,455
0,,2023-05-11 14:34:10,0,49140,35528,13612,455
0,,2023-05-11 14:34:11,0,49140,35528,13612,455
0,,2023-05-11 14:34:12,0,49140,35528,13612,455
0,,2023-05-11 14:34:13,0,49140,35528,13612,455
0,,2023-05-11 14:34:14,0,49140,35528,13612,455
0,,2023-05-11 14:34:15,5,49140,35528,13612,455
0,,2023-05-11 14:34:16,0,49140,35528,13612,455
0,,2023-05-11 14:34:17,100,49140,35528,13612,455
0,,2023-05-11 14:34:18,100,49140,35528,13612,455
0,,2023-05-11 14:34:19,100,49140,35528,13612,455
0,,2023-05-11 14:34:20,0,49140,35528,13612,455
0,,2023-05-11 14:34:21,0,49140,35528,13612,455
0,,2023-05-11 14:34:22,0,49140,35528,13612,455
0,,2023-05-11 14:34:23,2,49140,35528,13612,455
0,,2023-05-11 14:34:24,0,49140,35528,13612,455
0,,2023-05-11 14:34:25,100,49140,35528,13612,455
0,,2023-05-11 14:34:26,100,49140,35528,13612,455
0,,2023-05-11 14:34:27,100,49140,35528,13612,455
0,,2023-05-11 14:34:28,0,49140,35528,13612,455
0,,2023-05-11 14:34:29,0,49140,35528,13612,455
0,,2023-05-11 14:34:30,0,49140,35528,13612,455
0,,2023-05-11 14:34:31,4,49140,35528,13612,455
0,,2023-05-11 14:34:32,0,49140,35528,13612,455
0,,2023-05-11 14:34:33,100,49140,35528,13612,455
0,,2023-05-11 14:34:34,100,49140,35528,13612,455
0,,2023-05-11 14:34:35,6,49140,35528,13612,455
0,,2023-05-11 14:34:36,0,49140,35528,13612,455
0,,2023-05-11 14:34:37,0,49140,35528,13612,455
0,,2023-05-11 14:34:38,13,49140,35528,13612,455
0,,2023-05-11 14:34:39,0,49140,35528,13612,455
0,,2023-05-11 14:34:40,35,49140,35528,13612,455
0,,2023-05-11 14:34:41,100,49140,35528,13612,455
0,,2023-05-11 14:34:42,100,49140,35528,13612,455
0,,2023-05-11 14:34:43,0,49140,35528,13612,455
0,,2023-05-11 14:34:44,0,49140,35528,13612,455
0,,2023-05-11 14:34:45,0,49140,35528,13612,455
0,,2023-05-11 14:34:46,0,49140,35528,13612,455
0,,2023-05-11 14:34:47,0,49140,35528,13612,455
0,,2023-05-11 14:34:48,100,49140,35528,13612,455
0,,2023-05-11 14:34:49,100,49140,35528,13612,455
0,,2023-05-11 14:34:50,100,49140,35528,13612,455
0,,2023-05-11 14:34:51,0,49140,35528,13612,455
0,,2023-05-11 14:34:52,0,49140,35528,13612,455
0,,2023-05-11 14:34:53,0,49140,35528,13612,455
0,,2023-05-11 14:34:54,0,49140,35528,13612,455
0,,2023-05-11 14:34:55,0,49140,35528,13612,455
0,,2023-05-11 14:34:56,100,49140,35528,13612,455
0,,2023-05-11 14:34:57,100,49140,35528,13612,455
0,,2023-05-11 14:34:58,100,49140,35528,13612,455
0,,2023-05-11 14:34:59,0,49140,35528,13612,455
0,,2023-05-11 14:35:00,0,49140,35528,13612,455
0,,2023-05-11 14:35:01,0,49140,35528,13612,455
0,,2023-05-11 14:35:02,3,49140,35528,13612,455
0,,2023-05-11 14:35:03,0,49140,35528,13612,455
0,,2023-05-11 14:35:04,100,49140,35528,13612,455
0,,2023-05-11 14:35:05,100,49140,35528,13612,455
0,,2023-05-11 14:35:06,100,49140,35528,13612,455
0,,2023-05-11 14:35:07,0,49140,35528,13612,455
0,,2023-05-11 14:35:08,0,49140,35528,13612,455
0,,2023-05-11 14:35:09,0,49140,35528,13612,455
0,,2023-05-11 14:35:10,5,49140,35528,13612,455
0,,2023-05-11 14:35:11,0,49140,35528,13612,455
0,,2023-05-11 14:35:12,100,49140,35528,13612,455
0,,2023-05-11 14:35:13,100,49140,35528,13612,455
0,,2023-05-11 14:35:14,33,49140,35528,13612,455
0,,2023-05-11 14:35:15,0,49140,35528,13612,455
0,,2023-05-11 14:35:16,0,49140,35528,13612,455
0,,2023-05-11 14:35:17,13,49140,35528,13612,455
0,,2023-05-11 14:35:18,0,49140,35528,13612,455
0,,2023-05-11 14:35:19,0,49140,35528,13612,455
0,,2023-05-11 14:35:20,100,49140,35528,13612,455
0,,2023-05-11 14:35:21,100,49140,35528,13612,455
0,,2023-05-11 14:35:22,6,49140,35528,13612,455
0,,2023-05-11 14:35:23,0,49140,35528,13612,455
0,,2023-05-11 14:35:24,0,49140,35528,13612,455
0,,2023-05-11 14:35:25,13,49140,35528,13612,455
0,,2023-05-11 14:35:26,0,49140,35528,13612,455
0,,2023-05-11 14:35:27,18,49140,35528,13612,455
0,,2023-05-11 14:35:28,100,49140,35528,13612,455
0,,2023-05-11 14:35:29,100,49140,35528,13612,455
0,,2023-05-11 14:35:30,46,49140,34930,14210,455
0,,2023-05-11 14:35:31,100,49140,34930,14210,455
0,,2023-05-11 14:35:32,100,49140,34930,14210,455
0,,2023-05-11 14:35:33,0,49140,34134,15006,455
0,,2023-05-11 14:35:34,0,49140,34134,15006,455
0,,2023-05-11 14:35:35,0,49140,34134,15006,455
0,,2023-05-11 14:35:36,0,49140,34134,15006,455
0,,2023-05-11 14:35:37,0,49140,34134,15006,455
0,,2023-05-11 14:35:38,0,49140,34134,15006,455
0,,2023-05-11 14:35:39,1,49140,33536,15604,455
0,,2023-05-11 14:35:40,0,49140,33536,15604,455
0,,2023-05-11 14:35:41,100,49140,32340,16800,455
0,,2023-05-11 14:35:42,100,49140,32340,16800,455
0,,2023-05-11 14:35:43,100,49140,32340,16800,455
0,,2023-05-11 14:35:44,0,49140,32340,16800,455
0,,2023-05-11 14:35:45,0,49140,32340,16800,455
0,,2023-05-11 14:35:46,0,49140,32340,16800,455
0,,2023-05-11 14:35:47,0,49140,32340,16800,455
0,,2023-05-11 14:35:48,0,49140,32340,16800,455
0,,2023-05-11 14:35:49,100,49140,32340,16800,455
0,,2023-05-11 14:35:50,100,49140,32340,16800,455
0,,2023-05-11 14:35:51,97,49140,32340,16800,455
0,,2023-05-11 14:35:52,0,49140,32340,16800,455
0,,2023-05-11 14:35:53,0,49140,32340,16800,455
0,,2023-05-11 14:35:54,0,49140,32340,16800,455
0,,2023-05-11 14:35:55,0,49140,32340,16800,455
0,,2023-05-11 14:35:56,0,49140,32340,16800,455
0,,2023-05-11 14:35:57,100,49140,32340,16800,455
0,,2023-05-11 14:35:58,100,49140,32340,16800,455
0,,2023-05-11 14:35:59,62,49140,32340,16800,455
0,,2023-05-11 14:36:00,0,49140,32340,16800,455
0,,2023-05-11 14:36:01,0,49140,32340,16800,455
0,,2023-05-11 14:36:02,0,49140,32340,16800,455
0,,2023-05-11 14:36:03,0,49140,32340,16800,455
0,,2023-05-11 14:36:04,0,49140,32340,16800,455
0,,2023-05-11 14:36:05,100,49140,32340,16800,455
0,,2023-05-11 14:36:06,100,49140,32340,16800,455
0,,2023-05-11 14:36:07,21,49140,32340,16800,455
0,,2023-05-11 14:36:09,0,49140,32340,16800,455
0,,2023-05-11 14:36:10,0,49140,32340,16800,455
0,,2023-05-11 14:36:11,13,49140,32340,16800,455
0,,2023-05-11 14:36:12,0,49140,32340,16800,455
0,,2023-05-11 14:36:13,0,49140,32340,16800,455
0,,2023-05-11 14:36:14,100,49140,32340,16800,455
0,,2023-05-11 14:36:15,100,49140,32340,16800,455
0,,2023-05-11 14:36:16,6,49140,32340,16800,455
0,,2023-05-11 14:36:17,0,49140,32340,16800,455
0,,2023-05-11 14:36:18,0,49140,32340,16800,455
0,,2023-05-11 14:36:19,13,49140,32340,16800,455
0,,2023-05-11 14:36:20,0,49140,32340,16800,455
0,,2023-05-11 14:36:21,83,49140,32340,16800,455
0,,2023-05-11 14:36:22,100,49140,32340,16800,455
0,,2023-05-11 14:36:23,100,49140,32340,16800,455
0,,2023-05-11 14:36:24,0,49140,32340,16800,455
0,,2023-05-11 14:36:25,0,49140,32340,16800,455
0,,2023-05-11 14:36:26,0,49140,32340,16800,455
0,,2023-05-11 14:36:27,0,49140,32340,16800,455
0,,2023-05-11 14:36:28,0,49140,32340,16800,455
0,,2023-05-11 14:36:29,99,49140,32340,16800,455
0,,2023-05-11 14:36:30,100,49140,32340,16800,455
0,,2023-05-11 14:36:31,100,49140,32340,16800,455
0,,2023-05-11 14:36:32,0,49140,32340,16800,455
0,,2023-05-11 14:36:33,0,49140,32340,16800,455
0,,2023-05-11 14:36:34,0,49140,32340,16800,455
0,,2023-05-11 14:36:35,0,49140,32340,16800,455
0,,2023-05-11 14:36:36,0,49140,32340,16800,455
0,,2023-05-11 14:36:37,100,49140,32340,16800,455
0,,2023-05-11 14:36:38,100,49140,32340,16800,455
0,,2023-05-11 14:36:39,100,49140,32340,16800,455
0,,2023-05-11 14:36:40,0,49140,32340,16800,455
0,,2023-05-11 14:36:41,0,49140,32340,16800,455
0,,2023-05-11 14:36:42,0,49140,32340,16800,455
0,,2023-05-11 14:36:43,0,49140,32340,16800,455
0,,2023-05-11 14:36:44,0,49140,32340,16800,455
0,,2023-05-11 14:36:45,100,49140,32340,16800,455
0,,2023-05-11 14:36:46,100,49140,32340,16800,455
0,,2023-05-11 14:36:47,100,49140,32340,16800,455
0,,2023-05-11 14:36:48,0,49140,32340,16800,455
0,,2023-05-11 14:36:49,0,49140,32340,16800,455
0,,2023-05-11 14:36:50,0,49140,32340,16800,455
0,,2023-05-11 14:36:51,2,49140,32340,16800,455
0,,2023-05-11 14:36:52,0,49140,32340,16800,455
0,,2023-05-11 14:36:53,100,49140,32340,16800,455
0,,2023-05-11 14:36:54,100,49140,32340,16800,455
0,,2023-05-11 14:36:55,89,49140,32340,16800,455
0,,2023-05-11 14:36:56,100,49140,32340,16800,455
0,,2023-05-11 14:36:57,100,49140,32340,16800,455
0,,2023-05-11 14:36:58,0,49140,32340,16800,455
0,,2023-05-11 14:36:59,0,49140,32340,16800,455
0,,2023-05-11 14:37:00,0,49140,32340,16800,455
0,,2023-05-11 14:37:01,0,49140,32340,16800,455
0,,2023-05-11 14:37:02,0,49140,32340,16800,455
0,,2023-05-11 14:37:03,1,49140,32340,16800,455
0,,2023-05-11 14:37:04,0,49140,32340,16800,455
0,,2023-05-11 14:37:05,78,49140,32340,16800,455
0,,2023-05-11 14:37:06,100,49140,32340,16800,455
0,,2023-05-11 14:37:07,15,49140,32340,16800,455
0,,2023-05-11 14:37:08,0,49140,32340,16800,455
0,,2023-05-11 14:37:09,0,49140,32340,16800,455
0,,2023-05-11 14:37:10,0,49140,32340,16800,455
0,,2023-05-11 14:37:11,0,49140,32340,16800,455
0,,2023-05-11 14:37:12,100,49140,32340,16800,455
0,,2023-05-11 14:37:13,100,49140,32340,16800,455
0,,2023-05-11 14:37:14,0,49140,32340,16800,455
0,,2023-05-11 14:37:15,0,49140,32340,16800,455
0,,2023-05-11 14:37:16,2,49140,32340,16800,455
0,,2023-05-11 14:37:17,0,49140,32340,16800,455
0,,2023-05-11 14:37:18,60,49140,32340,16800,455
0,,2023-05-11 14:37:19,100,49140,32340,16800,455
0,,2023-05-11 14:37:20,43,49140,32340,16800,455
0,,2023-05-11 14:37:21,0,49140,32340,16800,455
0,,2023-05-11 14:37:22,0,49140,32340,16800,455
0,,2023-05-11 14:37:23,4,49140,32340,16800,455
0,,2023-05-11 14:37:24,0,49140,32340,16800,455
0,,2023-05-11 14:37:25,100,49140,32340,16800,455
0,,2023-05-11 14:37:26,100,49140,32340,16800,455
0,,2023-05-11 14:37:27,0,49140,32340,16800,455
0,,2023-05-11 14:37:28,0,49140,32340,16800,455
0,,2023-05-11 14:37:29,11,49140,32340,16800,455
0,,2023-05-11 14:37:30,0,49140,32340,16800,455
0,,2023-05-11 14:37:31,100,49140,32340,16800,455
0,,2023-05-11 14:37:32,100,49140,32340,16800,455
0,,2023-05-11 14:37:33,5,49140,32340,16800,455
0,,2023-05-11 14:37:34,0,49140,32340,16800,455
0,,2023-05-11 14:37:35,0,49140,32340,16800,455
0,,2023-05-11 14:37:36,2,49140,32340,16800,455
0,,2023-05-11 14:37:37,0,49140,32340,16800,455
0,,2023-05-11 14:37:38,100,49140,32340,16800,455
0,,2023-05-11 14:37:39,100,49140,32340,16800,455
0,,2023-05-11 14:37:40,0,49140,32340,16800,455
0,,2023-05-11 14:37:41,0,49140,32340,16800,455
0,,2023-05-11 14:37:42,10,49140,32340,16800,455
0,,2023-05-11 14:37:43,0,49140,32340,16800,455
0,,2023-05-11 14:37:44,82,49140,32340,16800,455
0,,2023-05-11 14:37:45,100,49140,32340,16800,455
0,,2023-05-11 14:37:46,21,49140,32340,16800,455
0,,2023-05-11 14:37:47,0,49140,32340,16800,455
0,,2023-05-11 14:37:48,0,49140,32340,16800,455
0,,2023-05-11 14:37:49,0,49140,32340,16800,455
0,,2023-05-11 14:37:50,0,49140,32340,16800,455
0,,2023-05-11 14:37:51,100,49140,32340,16800,455
0,,2023-05-11 14:37:52,100,49140,32340,16800,455
0,,2023-05-11 14:37:53,0,49140,32340,16800,455
0,,2023-05-11 14:37:54,0,49140,32340,16800,455
0,,2023-05-11 14:37:55,11,49140,32340,16800,455
0,,2023-05-11 14:37:56,0,49140,32340,16800,455
0,,2023-05-11 14:37:57,100,49140,32340,16800,455
0,,2023-05-11 14:37:58,100,49140,32340,16800,455
0,,2023-05-11 14:37:59,0,49140,32340,16800,455
0,,2023-05-11 14:38:00,0,49140,32340,16800,455
0,,2023-05-11 14:38:01,0,49140,32340,16800,455
0,,2023-05-11 14:38:02,4,49140,32340,16800,455
0,,2023-05-11 14:38:03,0,49140,32340,16800,455
0,,2023-05-11 14:38:04,100,49140,32340,16800,455
0,,2023-05-11 14:38:05,100,49140,32340,16800,455
0,,2023-05-11 14:38:06,100,49140,32340,16800,455
0,,2023-05-11 14:38:07,100,49140,32340,16800,455
0,,2023-05-11 14:38:08,100,49140,32340,16800,455
0,,2023-05-11 14:38:09,0,49140,32340,16800,455
0,,2023-05-11 14:38:10,0,49140,32340,16800,455
0,,2023-05-11 14:38:11,0,49140,32340,16800,455
0,,2023-05-11 14:38:12,0,49140,32340,16800,455
0,,2023-05-11 14:38:13,0,49140,32340,16800,455
0,,2023-05-11 14:38:14,0,49140,32340,16800,455
0,,2023-05-11 14:38:15,0,49140,32340,16800,455
0,,2023-05-11 14:38:16,0,49140,32340,16800,455
0,,2023-05-11 14:38:17,37,49140,32340,16800,455
0,,2023-05-11 14:38:18,100,49140,32340,16800,455
0,,2023-05-11 14:38:19,100,49140,32340,16800,455
0,,2023-05-11 14:38:20,0,49140,32340,16800,455
0,,2023-05-11 14:38:21,0,49140,32340,16800,455
0,,2023-05-11 14:38:22,0,49140,32340,16800,455
0,,2023-05-11 14:38:23,0,49140,32340,16800,455
0,,2023-05-11 14:38:24,0,49140,32340,16800,455
0,,2023-05-11 14:38:25,100,49140,32340,16800,455
0,,2023-05-11 14:38:26,100,49140,32340,16800,455
0,,2023-05-11 14:38:27,100,49140,32340,16800,455
0,,2023-05-11 14:38:28,0,49140,32340,16800,455
0,,2023-05-11 14:38:29,0,49140,32340,16800,455
0,,2023-05-11 14:38:30,0,49140,32340,16800,455
0,,2023-05-11 14:38:31,4,49140,32340,16800,455
0,,2023-05-11 14:38:32,0,49140,32340,16800,455
0,,2023-05-11 14:38:33,100,49140,32340,16800,455
0,,2023-05-11 14:38:34,100,49140,32340,16800,455
0,,2023-05-11 14:38:35,100,49140,32340,16800,455
0,,2023-05-11 14:38:36,0,49140,32340,16800,455
0,,2023-05-11 14:38:37,0,49140,32340,16800,455
0,,2023-05-11 14:38:38,0,49140,32340,16800,455
0,,2023-05-11 14:38:39,1,49140,32340,16800,455
0,,2023-05-11 14:38:40,0,49140,32340,16800,455
0,,2023-05-11 14:38:41,100,49140,32340,16800,455
0,,2023-05-11 14:38:42,100,49140,32340,16800,455
0,,2023-05-11 14:38:43,61,49140,32340,16800,455
0,,2023-05-11 14:38:44,0,49140,32340,16800,455
0,,2023-05-11 14:38:45,0,49140,32340,16800,455
0,,2023-05-11 14:38:46,4,49140,32340,16800,455
0,,2023-05-11 14:38:47,0,49140,32340,16800,455
0,,2023-05-11 14:38:48,0,49140,32340,16800,455
0,,2023-05-11 14:38:49,100,49140,32340,16800,455
0,,2023-05-11 14:38:50,100,49140,32340,16800,455
0,,2023-05-11 14:38:51,6,49140,32340,16800,455
0,,2023-05-11 14:38:52,0,49140,32340,16800,455
0,,2023-05-11 14:38:53,0,49140,32340,16800,455
0,,2023-05-11 14:38:55,12,49140,32340,16800,455
0,,2023-05-11 14:38:56,0,49140,32340,16800,455
0,,2023-05-11 14:38:57,8,49140,32340,16800,455
0,,2023-05-11 14:38:58,100,49140,32340,16800,455
0,,2023-05-11 14:38:59,100,49140,32340,16800,455
0,,2023-05-11 14:39:00,0,49140,32340,16800,455
0,,2023-05-11 14:39:01,0,49140,32340,16800,455
0,,2023-05-11 14:39:02,0,49140,32340,16800,455
0,,2023-05-11 14:39:03,0,49140,32340,16800,455
0,,2023-05-11 14:39:04,0,49140,32340,16800,455
0,,2023-05-11 14:39:05,100,49140,32340,16800,455
0,,2023-05-11 14:39:06,100,49140,32340,16800,455
0,,2023-05-11 14:39:07,100,49140,32340,16800,455
0,,2023-05-11 14:39:08,0,49140,32340,16800,455
0,,2023-05-11 14:39:09,0,49140,32340,16800,455
0,,2023-05-11 14:39:10,0,49140,32340,16800,455
0,,2023-05-11 14:39:11,0,49140,32340,16800,455
0,,2023-05-11 14:39:12,0,49140,32340,16800,455
0,,2023-05-11 14:39:13,100,49140,32340,16800,455
0,,2023-05-11 14:39:14,100,49140,32340,16800,455
0,,2023-05-11 14:39:15,100,49140,32340,16800,455
0,,2023-05-11 14:39:16,0,49140,32340,16800,455
0,,2023-05-11 14:39:17,0,49140,32340,16800,455
0,,2023-05-11 14:39:18,0,49140,32340,16800,455
0,,2023-05-11 14:39:19,1,49140,32340,16800,455
0,,2023-05-11 14:39:20,0,49140,32340,16800,455
0,,2023-05-11 14:39:21,100,49140,32340,16800,455
0,,2023-05-11 14:39:22,100,49140,32340,16800,455
0,,2023-05-11 14:39:23,100,49140,32340,16800,455
0,,2023-05-11 14:39:24,0,49140,32340,16800,455
0,,2023-05-11 14:39:25,0,49140,32340,16800,455
0,,2023-05-11 14:39:26,0,49140,32340,16800,455
0,,2023-05-11 14:39:27,5,49140,32340,16800,455
0,,2023-05-11 14:39:28,0,49140,32340,16800,455
0,,2023-05-11 14:39:29,100,49140,32340,16800,455
0,,2023-05-11 14:39:30,100,49140,32340,16800,455
0,,2023-05-11 14:39:31,62,49140,32340,16800,455
0,,2023-05-11 14:39:32,100,49140,32340,16800,455
0,,2023-05-11 14:39:33,100,49140,32340,16800,455
0,,2023-05-11 14:39:34,0,49140,32340,16800,455
0,,2023-05-11 14:39:35,0,49140,32340,16800,455
0,,2023-05-11 14:39:36,0,49140,32340,16800,455
0,,2023-05-11 14:39:37,0,49140,32340,16800,455
0,,2023-05-11 14:39:38,0,49140,32340,16800,455
0,,2023-05-11 14:39:39,2,49140,32340,16800,455
0,,2023-05-11 14:39:40,0,49140,32340,16800,455
0,,2023-05-11 14:39:41,100,49140,32340,16800,455
0,,2023-05-11 14:39:42,100,49140,32340,16800,455
0,,2023-05-11 14:39:43,0,49140,32340,16800,455
0,,2023-05-11 14:39:44,0,49140,32340,16800,455
0,,2023-05-11 14:39:45,0,49140,32340,16800,455
0,,2023-05-11 14:39:46,4,49140,32340,16800,455
0,,2023-05-11 14:39:47,0,49140,32340,16800,455
0,,2023-05-11 14:39:48,100,49140,32340,16800,455
0,,2023-05-11 14:39:49,100,49140,32340,16800,455
0,,2023-05-11 14:39:50,0,49140,32340,16800,455
0,,2023-05-11 14:39:51,0,49140,32340,16800,455
0,,2023-05-11 14:39:52,11,49140,32340,16800,455
0,,2023-05-11 14:39:53,0,49140,32340,16800,455
0,,2023-05-11 14:39:54,100,49140,32340,16800,455
0,,2023-05-11 14:39:55,100,49140,32340,16800,455
0,,2023-05-11 14:39:56,0,49140,32340,16800,455
0,,2023-05-11 14:39:57,0,49140,32340,16800,455
0,,2023-05-11 14:39:58,0,49140,32340,16800,455
0,,2023-05-11 14:39:59,4,49140,32340,16800,455
0,,2023-05-11 14:40:00,0,49140,32340,16800,455
0,,2023-05-11 14:40:01,100,49140,32340,16800,455
0,,2023-05-11 14:40:02,68,49140,32340,16800,455
0,,2023-05-11 14:40:03,0,49140,32340,16800,455
0,,2023-05-11 14:40:04,0,49140,32340,16800,455
0,,2023-05-11 14:40:05,0,49140,32340,16800,455
0,,2023-05-11 14:40:06,0,49140,32340,16800,455
0,,2023-05-11 14:40:07,100,49140,32340,16800,455
0,,2023-05-11 14:40:08,100,49140,32340,16800,455
0,,2023-05-11 14:40:09,0,49140,32340,16800,455
0,,2023-05-11 14:40:10,0,49140,32340,16800,455
0,,2023-05-11 14:40:11,0,49140,32340,16800,455
0,,2023-05-11 14:40:12,0,49140,32340,16800,455
0,,2023-05-11 14:40:13,15,49140,32340,16800,455
0,,2023-05-11 14:40:14,100,49140,32340,16800,455
0,,2023-05-11 14:40:15,83,49140,32340,16800,455
0,,2023-05-11 14:40:16,0,49140,32340,16800,455
0,,2023-05-11 14:40:17,0,49140,32340,16800,455
0,,2023-05-11 14:40:18,0,49140,32340,16800,455
0,,2023-05-11 14:40:19,0,49140,32340,16800,455
0,,2023-05-11 14:40:20,100,49140,32340,16800,455
0,,2023-05-11 14:40:21,100,49140,32340,16800,455
0,,2023-05-11 14:40:22,0,49140,32340,16800,455
0,,2023-05-11 14:40:23,0,49140,32340,16800,455
0,,2023-05-11 14:40:24,0,49140,32340,16800,455
0,,2023-05-11 14:40:25,0,49140,32340,16800,455
0,,2023-05-11 14:40:26,9,49140,32340,16800,455
0,,2023-05-11 14:40:27,100,49140,32340,16800,455
0,,2023-05-11 14:40:28,94,49140,32340,16800,455
0,,2023-05-11 14:40:29,0,49140,32340,16800,455
0,,2023-05-11 14:40:30,0,49140,32340,16800,455
0,,2023-05-11 14:40:31,0,49140,32340,16800,455
0,,2023-05-11 14:40:32,0,49140,32340,16800,455
0,,2023-05-11 14:40:33,100,49140,32340,16800,455
0,,2023-05-11 14:40:34,100,49140,32340,16800,455
0,,2023-05-11 14:40:35,0,49140,32340,16800,455
0,,2023-05-11 14:40:36,0,49140,32340,16800,455
0,,2023-05-11 14:40:37,0,49140,32340,16800,455
0,,2023-05-11 14:40:38,1,49140,32340,16800,455
0,,2023-05-11 14:40:39,0,49140,32340,16800,455
0,,2023-05-11 14:40:40,100,49140,32340,16800,455
0,,2023-05-11 14:40:41,100,49140,32340,16800,455
0,,2023-05-11 14:40:42,100,49140,32340,16800,455
0,,2023-05-11 14:40:43,100,49140,32340,16800,455
0,,2023-05-11 14:40:44,0,49140,32340,16800,455
0,,2023-05-11 14:40:45,0,49140,32340,16800,455
0,,2023-05-11 14:40:46,0,49140,32340,16800,455
0,,2023-05-11 14:40:47,0,49140,32340,16800,455
0,,2023-05-11 14:40:48,0,49140,32340,16800,455
0,,2023-05-11 14:40:49,0,49140,32340,16800,455
0,,2023-05-11 14:40:50,3,49140,32340,16800,455
0,,2023-05-11 14:40:51,0,49140,32340,16800,455
0,,2023-05-11 14:40:52,100,49140,32340,16800,455
0,,2023-05-11 14:40:53,100,49140,32340,16800,455
0,,2023-05-11 14:40:54,3,49140,32340,16800,455
0,,2023-05-11 14:40:55,0,49140,32340,16800,455
0,,2023-05-11 14:40:56,0,49140,32340,16800,455
0,,2023-05-11 14:40:57,0,49140,32340,16800,455
0,,2023-05-11 14:40:58,0,49140,32340,16800,455
0,,2023-05-11 14:40:59,100,49140,32340,16800,455
0,,2023-05-11 14:41:00,100,49140,32340,16800,455
0,,2023-05-11 14:41:01,2,49140,32340,16800,455
0,,2023-05-11 14:41:02,0,49140,32340,16800,455
0,,2023-05-11 14:41:03,0,49140,32340,16800,455
0,,2023-05-11 14:41:04,0,49140,32340,16800,455
0,,2023-05-11 14:41:05,0,49140,32340,16800,455
0,,2023-05-11 14:41:06,100,49140,32340,16800,455
0,,2023-05-11 14:41:07,100,49140,32340,16800,455
0,,2023-05-11 14:41:08,0,49140,32340,16800,455
0,,2023-05-11 14:41:09,0,49140,32340,16800,455
0,,2023-05-11 14:41:10,0,49140,32340,16800,455
0,,2023-05-11 14:41:11,4,49140,32340,16800,455
0,,2023-05-11 14:41:12,0,49140,32340,16800,455
0,,2023-05-11 14:41:13,100,49140,32340,16800,455
0,,2023-05-11 14:41:14,100,49140,32340,16800,455
0,,2023-05-11 14:41:15,0,49140,32340,16800,455
0,,2023-05-11 14:41:16,0,49140,32340,16800,455
0,,2023-05-11 14:41:17,0,49140,32340,16800,455
0,,2023-05-11 14:41:18,4,49140,32340,16800,455
0,,2023-05-11 14:41:19,0,49140,32340,16800,455
0,,2023-05-11 14:41:20,100,49140,32340,16800,455
0,,2023-05-11 14:41:21,100,49140,32340,16800,455
0,,2023-05-11 14:41:22,0,49140,32340,16800,455
0,,2023-05-11 14:41:23,0,49140,32340,16800,455
0,,2023-05-11 14:41:24,0,49140,32340,16800,455
0,,2023-05-11 14:41:25,0,49140,32340,16800,455
0,,2023-05-11 14:41:26,0,49140,32340,16800,455
0,,2023-05-11 14:41:27,100,49140,32340,16800,455
0,,2023-05-11 14:41:28,100,49140,32340,16800,455
0,,2023-05-11 14:41:29,0,49140,32340,16800,455
0,,2023-05-11 14:41:30,0,49140,32340,16800,455
0,,2023-05-11 14:41:31,0,49140,32340,16800,455
0,,2023-05-11 14:41:32,0,49140,32340,16800,455
0,,2023-05-11 14:41:33,0,49140,32340,16800,455
0,,2023-05-11 14:41:34,100,49140,32340,16800,455
0,,2023-05-11 14:41:35,100,49140,32340,16800,455
0,,2023-05-11 14:41:36,0,49140,32340,16800,455
0,,2023-05-11 14:41:37,0,49140,32340,16800,455
0,,2023-05-11 14:41:38,0,49140,32340,16800,455
0,,2023-05-11 14:41:39,0,49140,32340,16800,455
0,,2023-05-11 14:41:40,0,49140,32340,16800,455
0,,2023-05-11 14:41:41,100,49140,32340,16800,455
0,,2023-05-11 14:41:42,100,49140,32340,16800,455
0,,2023-05-11 14:41:43,0,49140,32340,16800,455
0,,2023-05-11 14:41:44,0,49140,32340,16800,455
0,,2023-05-11 14:41:45,0,49140,32340,16800,455
0,,2023-05-11 14:41:46,0,49140,32340,16800,455
0,,2023-05-11 14:41:47,0,49140,32340,16800,455
0,,2023-05-11 14:41:48,100,49140,32340,16800,455
0,,2023-05-11 14:41:49,100,49140,32340,16800,455
0,,2023-05-11 14:41:50,0,49140,32340,16800,455
0,,2023-05-11 14:41:51,0,49140,32340,16800,455
0,,2023-05-11 14:41:52,12,49140,32340,16800,455
0,,2023-05-11 14:41:53,0,49140,32340,16800,455
0,,2023-05-11 14:41:54,60,49140,32340,16800,455
0,,2023-05-11 14:41:55,100,49140,32340,16800,455
0,,2023-05-11 14:41:56,42,49140,32340,16800,455
0,,2023-05-11 14:41:57,100,49140,32340,16800,455
0,,2023-05-11 14:41:58,100,49140,32340,16800,455
0,,2023-05-11 14:41:59,13,49140,32340,16800,455
0,,2023-05-11 14:42:00,0,49140,32340,16800,455
0,,2023-05-11 14:42:01,0,49140,32340,16800,455
0,,2023-05-11 14:42:02,0,49140,32340,16800,455
0,,2023-05-11 14:42:03,0,49140,32340,16800,455
0,,2023-05-11 14:42:04,4,49140,32340,16800,455
0,,2023-05-11 14:42:05,0,49140,32340,16800,455
0,,2023-05-11 14:42:06,2,49140,32340,16800,455
0,,2023-05-11 14:42:07,0,49140,32340,16800,455
0,,2023-05-11 14:42:08,100,49140,32340,16800,455
0,,2023-05-11 14:42:09,100,49140,32340,16800,455
0,,2023-05-11 14:42:10,100,49140,32340,16800,455
0,,2023-05-11 14:42:11,0,49140,32340,16800,455
0,,2023-05-11 14:42:12,0,49140,32340,16800,455
0,,2023-05-11 14:42:13,0,49140,32340,16800,455
0,,2023-05-11 14:42:14,0,49140,32340,16800,455
0,,2023-05-11 14:42:15,0,49140,32340,16800,455
0,,2023-05-11 14:42:16,100,49140,32340,16800,455
0,,2023-05-11 14:42:17,100,49140,32340,16800,455
0,,2023-05-11 14:42:18,100,49140,32340,16800,455
0,,2023-05-11 14:42:19,0,49140,32340,16800,455
0,,2023-05-11 14:42:20,0,49140,32340,16800,455
0,,2023-05-11 14:42:21,0,49140,32340,16800,455
0,,2023-05-11 14:42:22,4,49140,32340,16800,455
0,,2023-05-11 14:42:23,0,49140,32340,16800,455
0,,2023-05-11 14:42:24,100,49140,32340,16800,455
0,,2023-05-11 14:42:25,100,49140,32340,16800,455
0,,2023-05-11 14:42:26,100,49140,32340,16800,455
0,,2023-05-11 14:42:27,0,49140,32340,16800,455
0,,2023-05-11 14:42:28,0,49140,32340,16800,455
0,,2023-05-11 14:42:29,0,49140,32340,16800,455
0,,2023-05-11 14:42:30,5,49140,32340,16800,455
0,,2023-05-11 14:42:31,0,49140,32340,16800,455
0,,2023-05-11 14:42:32,100,49140,32340,16800,455
0,,2023-05-11 14:42:33,100,49140,32340,16800,455
0,,2023-05-11 14:42:34,100,49140,32340,16800,455
0,,2023-05-11 14:42:35,0,49140,32340,16800,455
0,,2023-05-11 14:42:36,0,49140,32340,16800,455
0,,2023-05-11 14:42:37,0,49140,32340,16800,455
0,,2023-05-11 14:42:38,0,49140,32340,16800,455
0,,2023-05-11 14:42:39,0,49140,32340,16800,455
0,,2023-05-11 14:42:40,100,49140,32340,16800,455
0,,2023-05-11 14:42:41,100,49140,32340,16800,455
0,,2023-05-11 14:42:42,100,49140,32340,16800,455
0,,2023-05-11 14:42:43,0,49140,32340,16800,455
0,,2023-05-11 14:42:44,0,49140,32340,16800,455
0,,2023-05-11 14:42:45,0,49140,32340,16800,455
0,,2023-05-11 14:42:46,0,49140,32340,16800,455
0,,2023-05-11 14:42:48,0,49140,32340,16800,455
0,,2023-05-11 14:42:49,100,49140,32340,16800,455
0,,2023-05-11 14:42:50,100,49140,32340,16800,455
0,,2023-05-11 14:42:51,100,49140,32340,16800,455
0,,2023-05-11 14:42:52,0,49140,32340,16800,455
0,,2023-05-11 14:42:53,0,49140,32340,16800,455
0,,2023-05-11 14:42:54,0,49140,32340,16800,455
0,,2023-05-11 14:42:55,0,49140,32340,16800,455
0,,2023-05-11 14:42:56,0,49140,32340,16800,455
0,,2023-05-11 14:42:57,92,49140,32340,16800,455
0,,2023-05-11 14:42:58,100,49140,32340,16800,455
0,,2023-05-11 14:42:59,100,49140,32340,16800,455
0,,2023-05-11 14:43:00,0,49140,32340,16800,455
0,,2023-05-11 14:43:01,0,49140,32340,16800,455
0,,2023-05-11 14:43:02,0,49140,32340,16800,455
0,,2023-05-11 14:43:03,0,49140,32340,16800,455
0,,2023-05-11 14:43:04,0,49140,32340,16800,455
0,,2023-05-11 14:43:05,12,49140,32340,16800,455
0,,2023-05-11 14:43:06,100,49140,32340,16800,455
0,,2023-05-11 14:43:07,100,49140,32340,16800,455
0,,2023-05-11 14:43:08,0,49140,32340,16800,455
0,,2023-05-11 14:43:09,0,49140,32340,16800,455
0,,2023-05-11 14:43:10,0,49140,32340,16800,455
0,,2023-05-11 14:43:11,1,49140,32340,16800,455
0,,2023-05-11 14:43:12,1,49140,32340,16800,455
0,,2023-05-11 14:43:13,0,49140,32340,16800,455
0,,2023-05-11 14:43:14,100,49140,32340,16800,455
0,,2023-05-11 14:43:15,100,49140,32340,16800,455
0,,2023-05-11 14:43:16,48,49140,32340,16800,455
0,,2023-05-11 14:43:17,0,49140,32340,16800,455
0,,2023-05-11 14:43:18,0,49140,32340,16800,455
0,,2023-05-11 14:43:19,0,49140,32340,16800,455
0,,2023-05-11 14:43:20,0,49140,32340,16800,455
0,,2023-05-11 14:43:21,0,49140,32340,16800,455
0,,2023-05-11 14:43:22,41,49140,32340,16800,455
0,,2023-05-11 14:43:23,100,49140,32340,16800,455
0,,2023-05-11 14:43:24,100,49140,32340,16800,455
0,,2023-05-11 14:43:25,62,49140,32340,16800,455
0,,2023-05-11 14:43:26,100,49140,32340,16800,455
0,,2023-05-11 14:43:27,33,49140,32340,16800,455
0,,2023-05-11 14:43:28,0,49140,32340,16800,455
0,,2023-05-11 14:43:29,0,49140,32340,16800,455
0,,2023-05-11 14:43:30,0,49140,32340,16800,455
0,,2023-05-11 14:43:31,0,49140,32340,16800,455
0,,2023-05-11 14:43:32,0,49140,32340,16800,455
0,,2023-05-11 14:43:33,11,49140,32340,16800,455
0,,2023-05-11 14:43:34,0,49140,32340,16800,455
0,,2023-05-11 14:43:35,0,49140,32340,16800,455
0,,2023-05-11 14:43:36,100,49140,32340,16800,455
0,,2023-05-11 14:43:37,100,49140,32340,16800,455
0,,2023-05-11 14:43:38,1,49140,32340,16800,455
0,,2023-05-11 14:43:39,0,49140,32340,16800,455
0,,2023-05-11 14:43:40,0,49140,32340,16800,455
0,,2023-05-11 14:43:41,0,49140,31988,17152,455
0,,2023-05-11 14:43:42,0,49140,31988,17152,455
0,,2023-05-11 14:43:43,6,49140,31988,17152,455
0,,2023-05-11 14:43:44,0,49140,31988,17152,455
0,,2023-05-11 14:43:45,0,49140,31988,17152,455
0,,2023-05-11 14:43:46,82,49140,31988,17152,455
0,,2023-05-11 14:43:47,100,49140,31988,17152,455
0,,2023-05-11 14:43:48,11,49140,31988,17152,455
0,,2023-05-11 14:43:49,0,49140,31988,17152,455
0,,2023-05-11 14:43:50,0,49140,31988,17152,455
0,,2023-05-11 14:43:51,11,49140,31988,17152,455
0,,2023-05-11 14:43:52,0,49140,31988,17152,455
0,,2023-05-11 14:43:53,0,49140,31988,17152,455
0,,2023-05-11 14:43:54,100,49140,31988,17152,455
0,,2023-05-11 14:43:55,100,49140,31988,17152,455
0,,2023-05-11 14:43:56,0,49140,31988,17152,455
0,,2023-05-11 14:43:57,0,49140,31988,17152,455
0,,2023-05-11 14:43:58,7,49140,31988,17152,455
0,,2023-05-11 14:43:59,0,49140,31988,17152,455
0,,2023-05-11 14:44:00,72,49140,31988,17152,455
0,,2023-05-11 14:44:01,100,49140,31988,17152,455
0,,2023-05-11 14:44:02,29,49140,31988,17152,455
0,,2023-05-11 14:44:03,0,49140,31988,17152,455
0,,2023-05-11 14:44:04,0,49140,31988,17152,455
0,,2023-05-11 14:44:05,0,49140,31988,17152,455
0,,2023-05-11 14:44:06,0,49140,31988,17152,455
0,,2023-05-11 14:44:07,100,49140,31988,17152,455
0,,2023-05-11 14:44:08,100,49140,31988,17152,455
0,,2023-05-11 14:44:09,0,49140,31988,17152,455
0,,2023-05-11 14:44:10,0,49140,31988,17152,455
0,,2023-05-11 14:44:11,0,49140,31988,17152,455
0,,2023-05-11 14:44:12,4,49140,31988,17152,455
0,,2023-05-11 14:44:13,0,49140,31988,17152,455
0,,2023-05-11 14:44:14,100,49140,31988,17152,455
0,,2023-05-11 14:44:15,100,49140,31988,17152,455
0,,2023-05-11 14:44:16,0,49140,31988,17152,455
0,,2023-05-11 14:44:17,0,49140,31988,17152,455
0,,2023-05-11 14:44:18,0,49140,31988,17152,455
0,,2023-05-11 14:44:19,0,49140,31988,17152,455
0,,2023-05-11 14:44:20,0,49140,31988,17152,455
0,,2023-05-11 14:44:21,100,49140,31988,17152,455
0,,2023-05-11 14:44:22,100,49140,31988,17152,455
0,,2023-05-11 14:44:23,0,49140,31988,17152,455
0,,2023-05-11 14:44:24,0,49140,31988,17152,455
0,,2023-05-11 14:44:25,11,49140,31988,17152,455
0,,2023-05-11 14:44:26,0,49140,31988,17152,455
0,,2023-05-11 14:44:27,56,49140,31988,17152,455
0,,2023-05-11 14:44:28,100,49140,31988,17152,455
0,,2023-05-11 14:44:29,48,49140,31988,17152,455
0,,2023-05-11 14:44:30,0,49140,31988,17152,455
0,,2023-05-11 14:44:31,0,49140,31988,17152,455
0,,2023-05-11 14:44:32,8,49140,31988,17152,455
0,,2023-05-11 14:44:33,0,49140,31988,17152,455
0,,2023-05-11 14:44:34,100,49140,31988,17152,455
0,,2023-05-11 14:44:35,100,49140,31988,17152,455
0,,2023-05-11 14:44:36,5,49140,31988,17152,455
0,,2023-05-11 14:44:37,0,49140,31988,17152,455
0,,2023-05-11 14:44:38,0,49140,31988,17152,455
0,,2023-05-11 14:44:39,0,49140,31988,17152,455
0,,2023-05-11 14:44:40,0,49140,31988,17152,455
0,,2023-05-11 14:44:41,56,49140,31988,17152,455
0,,2023-05-11 14:44:42,100,49140,31988,17152,455
0,,2023-05-11 14:44:43,45,49140,31988,17152,455
0,,2023-05-11 14:44:44,100,49140,31988,17152,455
0,,2023-05-11 14:44:45,100,49140,31988,17152,455
0,,2023-05-11 14:44:46,0,49140,31988,17152,455
0,,2023-05-11 14:44:47,0,49140,31988,17152,455
0,,2023-05-11 14:44:48,0,49140,31988,17152,455
0,,2023-05-11 14:44:49,0,49140,31988,17152,455
0,,2023-05-11 14:44:50,0,49140,31988,17152,455
0,,2023-05-11 14:44:51,0,49140,31988,17152,455
0,,2023-05-11 14:44:52,0,49140,31988,17152,455
0,,2023-05-11 14:44:53,0,49140,31988,17152,455
0,,2023-05-11 14:44:54,0,49140,31988,17152,455
0,,2023-05-11 14:44:55,100,49140,31988,17152,455
0,,2023-05-11 14:44:56,100,49140,31988,17152,455
0,,2023-05-11 14:44:57,0,49140,31988,17152,455
0,,2023-05-11 14:44:58,0,49140,31988,17152,455
0,,2023-05-11 14:44:59,0,49140,31988,17152,455
0,,2023-05-11 14:45:00,0,49140,31988,17152,455
0,,2023-05-11 14:45:01,0,49140,31988,17152,455
0,,2023-05-11 14:45:02,0,49140,31988,17152,455
0,,2023-05-11 14:45:03,100,49140,31988,17152,455
0,,2023-05-11 14:45:04,100,49140,31988,17152,455
0,,2023-05-11 14:45:05,0,49140,31988,17152,455
0,,2023-05-11 14:45:06,0,49140,31988,17152,455
0,,2023-05-11 14:45:07,0,49140,31988,17152,455
0,,2023-05-11 14:45:08,0,49140,31988,17152,455
0,,2023-05-11 14:45:09,0,49140,31988,17152,455
0,,2023-05-11 14:45:10,100,49140,31988,17152,455
0,,2023-05-11 14:45:11,100,49140,31988,17152,455
0,,2023-05-11 14:45:12,0,49140,31988,17152,455
0,,2023-05-11 14:45:13,0,49140,31988,17152,455
0,,2023-05-11 14:45:14,0,49140,31988,17152,455
0,,2023-05-11 14:45:15,12,49140,31988,17152,455
0,,2023-05-11 14:45:16,0,49140,31988,17152,455
0,,2023-05-11 14:45:17,0,49140,31988,17152,455
0,,2023-05-11 14:45:18,100,49140,31988,17152,455
0,,2023-05-11 14:45:19,100,49140,31988,17152,455
0,,2023-05-11 14:45:20,0,49140,31988,17152,455
0,,2023-05-11 14:45:21,0,49140,31988,17152,455
0,,2023-05-11 14:45:22,0,49140,31988,17152,455
0,,2023-05-11 14:45:23,3,49140,31988,17152,455
0,,2023-05-11 14:45:24,0,49140,31988,17152,455
0,,2023-05-11 14:45:25,0,49140,31988,17152,455
0,,2023-05-11 14:45:26,100,49140,31988,17152,455
0,,2023-05-11 14:45:27,100,49140,31988,17152,455
0,,2023-05-11 14:45:28,0,49140,31988,17152,455
0,,2023-05-11 14:45:29,0,49140,31988,17152,455
0,,2023-05-11 14:45:30,0,49140,31988,17152,455
0,,2023-05-11 14:45:31,1,49140,31988,17152,455
0,,2023-05-11 14:45:32,0,49140,31988,17152,455
0,,2023-05-11 14:45:33,100,49140,31988,17152,455
0,,2023-05-11 14:45:34,100,49140,31988,17152,455
0,,2023-05-11 14:45:35,0,49140,31988,17152,455
0,,2023-05-11 14:45:36,0,49140,31988,17152,455
0,,2023-05-11 14:45:37,0,49140,31988,17152,455
0,,2023-05-11 14:45:38,12,49140,31988,17152,455
0,,2023-05-11 14:45:39,0,49140,31988,17152,455
0,,2023-05-11 14:45:40,0,49140,31988,17152,455
0,,2023-05-11 14:45:41,100,49140,31988,17152,455
0,,2023-05-11 14:45:42,100,49140,31988,17152,455
0,,2023-05-11 14:45:43,0,49140,31988,17152,455
0,,2023-05-11 14:45:44,0,49140,31988,17152,455
0,,2023-05-11 14:45:45,0,49140,31988,17152,455
0,,2023-05-11 14:45:46,3,49140,31988,17152,455
0,,2023-05-11 14:45:47,0,49140,31988,17152,455
0,,2023-05-11 14:45:49,100,49140,31988,17152,455
0,,2023-05-11 14:45:50,100,49140,31988,17152,455
0,,2023-05-11 14:45:51,0,49140,31988,17152,455
0,,2023-05-11 14:45:52,0,49140,31988,17152,455
0,,2023-05-11 14:45:53,0,49140,31988,17152,455
0,,2023-05-11 14:45:54,0,49140,31988,17152,455
0,,2023-05-11 14:45:55,0,49140,31988,17152,455
0,,2023-05-11 14:45:56,0,49140,31988,17152,455
0,,2023-05-11 14:45:57,100,49140,31988,17152,455
0,,2023-05-11 14:45:58,100,49140,31988,17152,455
0,,2023-05-11 14:45:59,0,49140,31988,17152,455
0,,2023-05-11 14:46:00,0,49140,31988,17152,455
0,,2023-05-11 14:46:01,0,49140,31988,17152,455
0,,2023-05-11 14:46:02,0,49140,31988,17152,455
0,,2023-05-11 14:46:03,0,49140,31988,17152,455
0,,2023-05-11 14:46:04,16,49140,31988,17152,455
0,,2023-05-11 14:46:05,100,49140,31988,17152,455
0,,2023-05-11 14:46:06,89,49140,31988,17152,455
0,,2023-05-11 14:46:07,100,49140,31988,17152,455
0,,2023-05-11 14:46:08,100,49140,31988,17152,455
0,,2023-05-11 14:46:09,84,49140,31988,17152,455
0,,2023-05-11 14:46:10,0,49140,31988,17152,455
0,,2023-05-11 14:46:11,0,49140,31988,17152,455
0,,2023-05-11 14:46:12,0,49140,31988,17152,455
0,,2023-05-11 14:46:13,0,49140,31988,17152,455
0,,2023-05-11 14:46:14,4,49140,31988,17152,455
0,,2023-05-11 14:46:15,0,49140,31988,17152,455
0,,2023-05-11 14:46:16,13,49140,31988,17152,455
0,,2023-05-11 14:46:17,0,49140,31988,17152,455
0,,2023-05-11 14:46:18,0,49140,31988,17152,455
0,,2023-05-11 14:46:19,100,49140,31390,17750,455
0,,2023-05-11 14:46:20,100,49140,31390,17750,455
0,,2023-05-11 14:46:21,100,49140,31390,17750,455
0,,2023-05-11 14:46:22,0,49140,31390,17750,455
0,,2023-05-11 14:46:23,0,49140,31390,17750,455
0,,2023-05-11 14:46:24,0,49140,31390,17750,455
0,,2023-05-11 14:46:25,0,49140,31390,17750,455
0,,2023-05-11 14:46:26,0,49140,31390,17750,455
0,,2023-05-11 14:46:27,0,49140,31390,17750,455
0,,2023-05-11 14:46:28,92,49140,30792,18348,455
0,,2023-05-11 14:46:29,100,49140,30792,18348,455
0,,2023-05-11 14:46:30,100,49140,30792,18348,455
0,,2023-05-11 14:46:31,0,49140,30792,18348,455
0,,2023-05-11 14:46:32,0,49140,30792,18348,455
0,,2023-05-11 14:46:33,0,49140,30792,18348,455
0,,2023-05-11 14:46:34,13,49140,30792,18348,455
0,,2023-05-11 14:46:35,0,49140,30792,18348,455
0,,2023-05-11 14:46:36,0,49140,30792,18348,455
0,,2023-05-11 14:46:37,100,49140,30792,18348,455
0,,2023-05-11 14:46:38,100,49140,30792,18348,455
0,,2023-05-11 14:46:39,73,49140,30792,18348,455
0,,2023-05-11 14:46:40,0,49140,30792,18348,455
0,,2023-05-11 14:46:41,0,49140,30792,18348,455
0,,2023-05-11 14:46:42,0,49140,30792,18348,455
0,,2023-05-11 14:46:43,0,49140,30792,18348,455
0,,2023-05-11 14:46:44,0,49140,30792,18348,455
0,,2023-05-11 14:46:45,70,49140,30792,18348,455
0,,2023-05-11 14:46:46,100,49140,30792,18348,455
0,,2023-05-11 14:46:47,100,49140,30792,18348,455
0,,2023-05-11 14:46:48,0,49140,30792,18348,455
0,,2023-05-11 14:46:49,0,49140,30792,18348,455
0,,2023-05-11 14:46:50,0,49140,30792,18348,455
0,,2023-05-11 14:46:51,0,49140,30792,18348,455
0,,2023-05-11 14:46:52,0,49140,30792,18348,455
0,,2023-05-11 14:46:53,0,49140,30792,18348,455
0,,2023-05-11 14:46:54,71,49140,30792,18348,455
0,,2023-05-11 14:46:55,100,49140,30792,18348,455
0,,2023-05-11 14:46:56,100,49140,30792,18348,455
0,,2023-05-11 14:46:57,0,49140,30792,18348,455
0,,2023-05-11 14:46:58,0,49140,30792,18348,455
0,,2023-05-11 14:46:59,0,49140,30792,18348,455
0,,2023-05-11 14:47:00,0,49140,30792,18348,455
0,,2023-05-11 14:47:01,0,49140,30792,18348,455
0,,2023-05-11 14:47:02,0,49140,30792,18348,455
0,,2023-05-11 14:47:03,93,49140,30792,18348,455
0,,2023-05-11 14:47:04,100,49140,30792,18348,455
0,,2023-05-11 14:47:05,100,49140,30792,18348,455
0,,2023-05-11 14:47:06,0,49140,30792,18348,455
0,,2023-05-11 14:47:07,0,49140,30792,18348,455
0,,2023-05-11 14:47:08,0,49140,30792,18348,455
0,,2023-05-11 14:47:09,0,49140,30792,18348,455
0,,2023-05-11 14:47:10,2,49140,30792,18348,455
0,,2023-05-11 14:47:11,0,49140,30792,18348,455
0,,2023-05-11 14:47:12,100,49140,30792,18348,455
0,,2023-05-11 14:47:13,100,49140,30792,18348,455
0,,2023-05-11 14:47:14,100,49140,30792,18348,455
0,,2023-05-11 14:47:15,0,49140,30792,18348,455
0,,2023-05-11 14:47:16,0,49140,30792,18348,455
0,,2023-05-11 14:47:17,0,49140,30792,18348,455
0,,2023-05-11 14:47:18,0,49140,30792,18348,455
0,,2023-05-11 14:47:19,0,49140,30792,18348,455
0,,2023-05-11 14:47:20,4,49140,30792,18348,455
0,,2023-05-11 14:47:21,100,49140,30792,18348,455
0,,2023-05-11 14:47:22,100,49140,30792,18348,455
0,,2023-05-11 14:47:23,2,49140,30792,18348,455
0,,2023-05-11 14:47:24,0,49140,30792,18348,455
0,,2023-05-11 14:47:25,0,49140,30792,18348,455
0,,2023-05-11 14:47:26,0,49140,30792,18348,455
0,,2023-05-11 14:47:27,3,49140,30792,18348,455
0,,2023-05-11 14:47:28,0,49140,30792,18348,455
0,,2023-05-11 14:47:29,100,49140,30792,18348,455
0,,2023-05-11 14:47:30,100,49140,30792,18348,455
0,,2023-05-11 14:47:31,100,49140,30792,18348,455
0,,2023-05-11 14:47:32,0,49140,30792,18348,455
0,,2023-05-11 14:47:33,0,49140,30792,18348,455
0,,2023-05-11 14:47:34,0,49140,30792,18348,455
0,,2023-05-11 14:47:35,13,49140,30792,18348,455
0,,2023-05-11 14:47:36,0,49140,30792,18348,455
0,,2023-05-11 14:47:37,0,49140,30792,18348,455
0,,2023-05-11 14:47:38,100,49140,30792,18348,455
0,,2023-05-11 14:47:39,100,49140,30792,18348,455
0,,2023-05-11 14:47:40,19,49140,29796,19344,455
0,,2023-05-11 14:47:41,100,49140,29796,19344,455
0,,2023-05-11 14:47:42,100,49140,29796,19344,455
0,,2023-05-11 14:47:43,4,49140,29398,19742,455
0,,2023-05-11 14:47:44,0,49140,29398,19742,455
0,,2023-05-11 14:47:45,0,49140,29398,19742,455
0,,2023-05-11 14:47:46,0,49140,29398,19742,455
0,,2023-05-11 14:47:47,4,49140,29398,19742,455
0,,2023-05-11 14:47:48,0,49140,29398,19742,455
0,,2023-05-11 14:47:49,0,49140,29398,19742,455
0,,2023-05-11 14:47:50,0,49140,29398,19742,455
0,,2023-05-11 14:47:51,4,49140,28800,20340,455
0,,2023-05-11 14:47:52,0,49140,28800,20340,455
0,,2023-05-11 14:47:53,100,49140,27604,21536,455
0,,2023-05-11 14:47:54,100,49140,27604,21536,455
0,,2023-05-11 14:47:55,100,49140,27604,21536,455
0,,2023-05-11 14:47:56,0,49140,27604,21536,455
0,,2023-05-11 14:47:57,0,49140,27604,21536,455
0,,2023-05-11 14:47:58,0,49140,27604,21536,455
0,,2023-05-11 14:47:59,0,49140,27604,21536,455
0,,2023-05-11 14:48:00,4,49140,27604,21536,455
0,,2023-05-11 14:48:01,0,49140,27604,21536,455
0,,2023-05-11 14:48:02,100,49140,27206,21934,455
0,,2023-05-11 14:48:03,100,49140,27206,21934,455
0,,2023-05-11 14:48:04,100,49140,27206,21934,455
0,,2023-05-11 14:48:05,0,49140,27206,21934,455
0,,2023-05-11 14:48:06,0,49140,27206,21934,455
0,,2023-05-11 14:48:07,0,49140,27206,21934,455
0,,2023-05-11 14:48:08,3,49140,27206,21934,455
0,,2023-05-11 14:48:09,0,49140,27206,21934,455
0,,2023-05-11 14:48:10,0,49140,27206,21934,455
0,,2023-05-11 14:48:11,100,49140,27206,21934,455
0,,2023-05-11 14:48:12,100,49140,27206,21934,455
0,,2023-05-11 14:48:13,41,49140,27206,21934,455
0,,2023-05-11 14:48:14,0,49140,27206,21934,455
0,,2023-05-11 14:48:15,0,49140,27206,21934,455
0,,2023-05-11 14:48:16,0,49140,27206,21934,455
0,,2023-05-11 14:48:17,0,49140,27206,21934,455
0,,2023-05-11 14:48:18,0,49140,27206,21934,455
0,,2023-05-11 14:48:19,100,49140,27206,21934,455
0,,2023-05-11 14:48:20,100,49140,27206,21934,455
0,,2023-05-11 14:48:21,95,49140,27206,21934,455
0,,2023-05-11 14:48:22,0,49140,27206,21934,455
0,,2023-05-11 14:48:23,0,49140,27206,21934,455
0,,2023-05-11 14:48:24,0,49140,27206,21934,455
0,,2023-05-11 14:48:25,0,49140,27206,21934,455
0,,2023-05-11 14:48:26,0,49140,27206,21934,455
0,,2023-05-11 14:48:27,7,49140,27206,21934,455
0,,2023-05-11 14:48:28,100,49140,27206,21934,455
0,,2023-05-11 14:48:29,100,49140,27206,21934,455
0,,2023-05-11 14:48:30,1,49140,27206,21934,455
0,,2023-05-11 14:48:31,0,49140,27206,21934,455
0,,2023-05-11 14:48:32,0,49140,27206,21934,455
0,,2023-05-11 14:48:33,11,49140,27206,21934,455
0,,2023-05-11 14:48:34,0,49140,27206,21934,455
0,,2023-05-11 14:48:35,0,49140,27206,21934,455
0,,2023-05-11 14:48:36,100,49140,27206,21934,455
0,,2023-05-11 14:48:37,100,49140,27206,21934,455
0,,2023-05-11 14:48:38,84,49140,27206,21934,455
0,,2023-05-11 14:48:39,0,49140,27206,21934,455
0,,2023-05-11 14:48:40,0,49140,27206,21934,455
0,,2023-05-11 14:48:41,0,49140,27206,21934,455
0,,2023-05-11 14:48:42,4,49140,27206,21934,455
0,,2023-05-11 14:48:43,0,49140,27206,21934,455
0,,2023-05-11 14:48:44,100,49140,27206,21934,455
0,,2023-05-11 14:48:45,100,49140,27206,21934,455
0,,2023-05-11 14:48:46,100,49140,27206,21934,455
0,,2023-05-11 14:48:47,0,49140,27206,21934,455
0,,2023-05-11 14:48:48,0,49140,27206,21934,455
0,,2023-05-11 14:48:49,0,49140,27206,21934,455
0,,2023-05-11 14:48:50,0,49140,27206,21934,455
0,,2023-05-11 14:48:51,0,49140,27206,21934,455
0,,2023-05-11 14:48:52,0,49140,27206,21934,455
0,,2023-05-11 14:48:53,100,49140,27206,21934,455
0,,2023-05-11 14:48:54,100,49140,27206,21934,455
0,,2023-05-11 14:48:55,6,49140,27206,21934,455
0,,2023-05-11 14:48:56,0,49140,27206,21934,455
0,,2023-05-11 14:48:57,0,49140,27206,21934,455
0,,2023-05-11 14:48:58,4,49140,27206,21934,455
0,,2023-05-11 14:48:59,0,49140,27206,21934,455
0,,2023-05-11 14:49:00,0,49140,27206,21934,455
0,,2023-05-11 14:49:01,100,49140,27206,21934,455
0,,2023-05-11 14:49:02,100,49140,27206,21934,455
0,,2023-05-11 14:49:03,17,49140,27206,21934,455
0,,2023-05-11 14:49:04,0,49140,27206,21934,455
0,,2023-05-11 14:49:05,0,49140,27206,21934,455
0,,2023-05-11 14:49:06,0,49140,27206,21934,455
0,,2023-05-11 14:49:07,4,49140,27206,21934,455
0,,2023-05-11 14:49:08,0,49140,27206,21934,455
0,,2023-05-11 14:49:09,100,49140,27206,21934,455
0,,2023-05-11 14:49:10,100,49140,27206,21934,455
0,,2023-05-11 14:49:11,100,49140,27206,21934,455
0,,2023-05-11 14:49:12,100,49140,27206,21934,455
0,,2023-05-11 14:49:13,100,49140,27206,21934,455
0,,2023-05-11 14:49:14,100,49140,27206,21934,455
0,,2023-05-11 14:49:15,10,49140,27206,21934,455
0,,2023-05-11 14:49:16,0,49140,27206,21934,455
0,,2023-05-11 14:49:17,0,49140,27206,21934,455
0,,2023-05-11 14:49:18,0,49140,27206,21934,455
0,,2023-05-11 14:49:19,0,49140,27206,21934,455
0,,2023-05-11 14:49:20,0,49140,27206,21934,455
0,,2023-05-11 14:49:21,36,49140,27206,21934,455
0,,2023-05-11 14:49:22,100,49140,27206,21934,455
0,,2023-05-11 14:49:23,100,49140,27206,21934,455
0,,2023-05-11 14:49:24,0,49140,27206,21934,455
0,,2023-05-11 14:49:25,0,49140,27206,21934,455
0,,2023-05-11 14:49:26,0,49140,27206,21934,455
0,,2023-05-11 14:49:27,12,49140,27206,21934,455
0,,2023-05-11 14:49:28,0,49140,27206,21934,455
0,,2023-05-11 14:49:29,0,49140,27206,21934,455
0,,2023-05-11 14:49:30,100,49140,27206,21934,455
0,,2023-05-11 14:49:31,100,49140,27206,21934,455
0,,2023-05-11 14:49:32,100,49140,27206,21934,455
0,,2023-05-11 14:49:33,0,49140,27206,21934,455
0,,2023-05-11 14:49:34,0,49140,27206,21934,455
0,,2023-05-11 14:49:35,0,49140,27206,21934,455
0,,2023-05-11 14:49:36,0,49140,27206,21934,455
0,,2023-05-11 14:49:37,0,49140,27206,21934,455
0,,2023-05-11 14:49:38,65,49140,27206,21934,455
0,,2023-05-11 14:49:39,100,49140,27206,21934,455
0,,2023-05-11 14:49:40,100,49140,27206,21934,455
0,,2023-05-11 14:49:41,0,49140,27206,21934,455
0,,2023-05-11 14:49:42,0,49140,27206,21934,455
0,,2023-05-11 14:49:43,0,49140,27206,21934,455
0,,2023-05-11 14:49:44,0,49140,27206,21934,455
0,,2023-05-11 14:49:46,0,49140,27206,21934,455
0,,2023-05-11 14:49:47,2,49140,27206,21934,455
0,,2023-05-11 14:49:48,100,49140,27206,21934,455
0,,2023-05-11 14:49:49,100,49140,27206,21934,455
0,,2023-05-11 14:49:50,0,49140,27206,21934,455
0,,2023-05-11 14:49:51,0,49140,27206,21934,455
0,,2023-05-11 14:49:52,0,49140,27206,21934,455
0,,2023-05-11 14:49:53,9,49140,27206,21934,455
0,,2023-05-11 14:49:54,0,49140,27206,21934,455
0,,2023-05-11 14:49:55,0,49140,27206,21934,455
0,,2023-05-11 14:49:56,100,49140,27206,21934,455
0,,2023-05-11 14:49:57,100,49140,27206,21934,455
0,,2023-05-11 14:49:58,55,49140,27206,21934,455
0,,2023-05-11 14:49:59,0,49140,27206,21934,455
0,,2023-05-11 14:50:00,0,49140,27206,21934,455
0,,2023-05-11 14:50:01,0,49140,27206,21934,455
0,,2023-05-11 14:50:02,0,49140,27206,21934,455
0,,2023-05-11 14:50:03,0,49140,27206,21934,455
0,,2023-05-11 14:50:04,100,49140,27206,21934,455
0,,2023-05-11 14:50:05,100,49140,27206,21934,455
0,,2023-05-11 14:50:06,100,49140,27206,21934,455
0,,2023-05-11 14:50:07,0,49140,27206,21934,455
0,,2023-05-11 14:50:08,0,49140,27206,21934,455
0,,2023-05-11 14:50:09,0,49140,27206,21934,455
0,,2023-05-11 14:50:10,0,49140,27206,21934,455
0,,2023-05-11 14:50:11,0,49140,27206,21934,455
0,,2023-05-11 14:50:12,15,49140,27206,21934,455
0,,2023-05-11 14:50:13,100,49140,27206,21934,455
0,,2023-05-11 14:50:14,100,49140,27206,21934,455
0,,2023-05-11 14:50:15,1,49140,27206,21934,455
0,,2023-05-11 14:50:16,0,49140,27206,21934,455
0,,2023-05-11 14:50:17,0,49140,27206,21934,455
0,,2023-05-11 14:50:18,0,49140,27206,21934,455
0,,2023-05-11 14:50:19,4,49140,27206,21934,455
0,,2023-05-11 14:50:20,0,49140,27206,21934,455
0,,2023-05-11 14:50:21,100,49140,27206,21934,455
0,,2023-05-11 14:50:22,100,49140,27206,21934,455
0,,2023-05-11 14:50:23,100,49140,27206,21934,455
0,,2023-05-11 14:50:24,0,49140,27206,21934,455
0,,2023-05-11 14:50:25,0,49140,27206,21934,455
0,,2023-05-11 14:50:26,0,49140,27206,21934,455
0,,2023-05-11 14:50:27,0,49140,27206,21934,455
0,,2023-05-11 14:50:28,0,49140,27206,21934,455
0,,2023-05-11 14:50:29,0,49140,27206,21934,455
0,,2023-05-11 14:50:30,100,49140,27206,21934,455
0,,2023-05-11 14:50:31,100,49140,27206,21934,455
0,,2023-05-11 14:50:32,0,49140,27206,21934,455
0,,2023-05-11 14:50:33,0,49140,27206,21934,455
0,,2023-05-11 14:50:34,0,49140,27206,21934,455
0,,2023-05-11 14:50:35,12,49140,27206,21934,455
0,,2023-05-11 14:50:36,0,49140,27206,21934,455
0,,2023-05-11 14:50:37,0,49140,27206,21934,455
0,,2023-05-11 14:50:38,100,49140,27206,21934,455
0,,2023-05-11 14:50:39,100,49140,27206,21934,455
0,,2023-05-11 14:50:40,100,49140,27206,21934,455
0,,2023-05-11 14:50:41,100,49140,27206,21934,455
0,,2023-05-11 14:50:42,100,49140,27206,21934,455
0,,2023-05-11 14:50:43,100,49140,27206,21934,455
0,,2023-05-11 14:50:44,0,49140,27206,21934,455
0,,2023-05-11 14:50:45,0,49140,27206,21934,455
0,,2023-05-11 14:50:46,0,49140,27206,21934,455
0,,2023-05-11 14:50:47,0,49140,27206,21934,455
0,,2023-05-11 14:50:48,0,49140,27206,21934,455
0,,2023-05-11 14:50:49,100,49140,27206,21934,455
0,,2023-05-11 14:50:50,100,49140,27206,21934,455
0,,2023-05-11 14:50:51,100,49140,27206,21934,455
0,,2023-05-11 14:50:52,0,49140,27206,21934,455
0,,2023-05-11 14:50:53,0,49140,27206,21934,455
0,,2023-05-11 14:50:54,0,49140,27206,21934,455
0,,2023-05-11 14:50:55,0,49140,27206,21934,455
0,,2023-05-11 14:50:56,0,49140,27206,21934,455
0,,2023-05-11 14:50:57,58,49140,27206,21934,455
0,,2023-05-11 14:50:58,100,49140,27206,21934,455
0,,2023-05-11 14:50:59,100,49140,27206,21934,455
0,,2023-05-11 14:51:00,0,49140,27206,21934,455
0,,2023-05-11 14:51:01,0,49140,27206,21934,455
0,,2023-05-11 14:51:02,0,49140,27206,21934,455
0,,2023-05-11 14:51:03,0,49140,27206,21934,455
0,,2023-05-11 14:51:04,0,49140,27206,21934,455
0,,2023-05-11 14:51:05,19,49140,27206,21934,455
0,,2023-05-11 14:51:06,100,49140,27206,21934,455
0,,2023-05-11 14:51:07,100,49140,27206,21934,455
0,,2023-05-11 14:51:08,0,49140,27206,21934,455
0,,2023-05-11 14:51:09,0,49140,27206,21934,455
0,,2023-05-11 14:51:10,0,49140,27206,21934,455
0,,2023-05-11 14:51:11,13,49140,27206,21934,455
0,,2023-05-11 14:51:12,0,49140,27206,21934,455
0,,2023-05-11 14:51:13,0,49140,27206,21934,455
0,,2023-05-11 14:51:14,100,49140,27206,21934,455
0,,2023-05-11 14:51:15,100,49140,27206,21934,455
0,,2023-05-11 14:51:16,6,49140,27206,21934,455
0,,2023-05-11 14:51:17,0,49140,27206,21934,455
0,,2023-05-11 14:51:18,0,49140,27206,21934,455
0,,2023-05-11 14:51:19,0,49140,27206,21934,455
0,,2023-05-11 14:51:20,4,49140,27206,21934,455
0,,2023-05-11 14:51:21,0,49140,27206,21934,455
0,,2023-05-11 14:51:22,100,49140,27206,21934,455
0,,2023-05-11 14:51:23,100,49140,27206,21934,455
0,,2023-05-11 14:51:24,100,49140,27206,21934,455
0,,2023-05-11 14:51:25,0,49140,27206,21934,455
0,,2023-05-11 14:51:26,0,49140,27206,21934,455
0,,2023-05-11 14:51:27,0,49140,27206,21934,455
0,,2023-05-11 14:51:28,2,49140,27206,21934,455
0,,2023-05-11 14:51:29,0,49140,27206,21934,455
0,,2023-05-11 14:51:30,0,49140,27206,21934,455
0,,2023-05-11 14:51:31,100,49140,27206,21934,455
0,,2023-05-11 14:51:32,100,49140,27206,21934,455
0,,2023-05-11 14:51:33,4,49140,27206,21934,455
0,,2023-05-11 14:51:34,0,49140,27206,21934,455
0,,2023-05-11 14:51:35,0,49140,27206,21934,455
0,,2023-05-11 14:51:36,12,49140,27206,21934,455
0,,2023-05-11 14:51:37,0,49140,27206,21934,455
0,,2023-05-11 14:51:38,0,49140,27206,21934,455
0,,2023-05-11 14:51:39,100,49140,27206,21934,455
0,,2023-05-11 14:51:40,100,49140,27206,21934,455
0,,2023-05-11 14:51:41,85,49140,27206,21934,455
0,,2023-05-11 14:51:42,0,49140,27206,21934,455
0,,2023-05-11 14:51:43,0,49140,27206,21934,455
0,,2023-05-11 14:51:44,0,49140,27206,21934,455
0,,2023-05-11 14:51:45,4,49140,27206,21934,455
0,,2023-05-11 14:51:46,0,49140,27206,21934,455
0,,2023-05-11 14:51:47,100,49140,27206,21934,455
0,,2023-05-11 14:51:48,100,49140,27206,21934,455
0,,2023-05-11 14:51:49,100,49140,27206,21934,455
0,,2023-05-11 14:51:50,0,49140,27206,21934,455
0,,2023-05-11 14:51:51,0,49140,27206,21934,455
0,,2023-05-11 14:51:52,0,49140,27206,21934,455
0,,2023-05-11 14:51:53,13,49140,27206,21934,455
0,,2023-05-11 14:51:54,0,49140,27206,21934,455
0,,2023-05-11 14:51:55,0,49140,27206,21934,455
0,,2023-05-11 14:51:56,100,49140,27206,21934,455
0,,2023-05-11 14:51:57,100,49140,27206,21934,455
0,,2023-05-11 14:51:58,100,49140,27206,21934,455
0,,2023-05-11 14:51:59,0,49140,27206,21934,455
0,,2023-05-11 14:52:00,0,49140,27206,21934,455
0,,2023-05-11 14:52:01,0,49140,27206,21934,455
0,,2023-05-11 14:52:02,5,49140,27206,21934,455
0,,2023-05-11 14:52:03,0,49140,27206,21934,455
0,,2023-05-11 14:52:04,100,49140,27206,21934,455
0,,2023-05-11 14:52:05,100,49140,27206,21934,455
0,,2023-05-11 14:52:06,100,49140,27206,21934,455
0,,2023-05-11 14:52:07,100,49140,24390,24750,455
0,,2023-05-11 14:52:08,100,49140,24390,24750,455
0,,2023-05-11 14:52:09,100,49140,24390,24750,455
0,,2023-05-11 14:52:10,100,49140,24390,24750,455
0,,2023-05-11 14:52:11,0,49140,20870,28270,455
0,,2023-05-11 14:52:12,0,49140,20870,28270,455
0,,2023-05-11 14:52:13,0,49140,20870,28270,455
0,,2023-05-11 14:52:14,0,49140,20870,28270,455
0,,2023-05-11 14:52:15,0,49140,20870,28270,455
0,,2023-05-11 14:52:16,0,49140,20870,28270,455
0,,2023-05-11 14:52:17,0,49140,19814,29326,455
0,,2023-05-11 14:52:18,0,49140,19814,29326,455
0,,2023-05-11 14:52:19,0,49140,19814,29326,455
0,,2023-05-11 14:52:20,0,49140,19814,29326,455
0,,2023-05-11 14:52:21,100,49140,18758,30382,455
0,,2023-05-11 14:52:22,100,49140,18758,30382,455
0,,2023-05-11 14:52:23,100,49140,18758,30382,455
0,,2023-05-11 14:52:24,100,49140,18758,30382,455
0,,2023-05-11 14:52:25,0,49140,18758,30382,455
0,,2023-05-11 14:52:26,0,49140,18758,30382,455
0,,2023-05-11 14:52:27,0,49140,18758,30382,455
0,,2023-05-11 14:52:28,0,49140,18758,30382,455
0,,2023-05-11 14:52:29,0,49140,18758,30382,455
0,,2023-05-11 14:52:30,0,49140,18758,30382,455
0,,2023-05-11 14:52:31,0,49140,18758,30382,455
0,,2023-05-11 14:52:32,0,49140,18758,30382,455
0,,2023-05-11 14:52:33,0,49140,18758,30382,455
0,,2023-05-11 14:52:34,0,49140,18758,30382,455
0,,2023-05-11 14:52:35,100,49140,18758,30382,455
0,,2023-05-11 14:52:36,100,49140,18758,30382,455
0,,2023-05-11 14:52:37,100,49140,18758,30382,455
0,,2023-05-11 14:52:38,100,49140,18758,30382,455
0,,2023-05-11 14:52:39,2,49140,18758,30382,455
0,,2023-05-11 14:52:40,0,49140,18758,30382,455
0,,2023-05-11 14:52:41,0,49140,18758,30382,455
0,,2023-05-11 14:52:42,0,49140,18758,30382,455
0,,2023-05-11 14:52:43,0,49140,18758,30382,455
0,,2023-05-11 14:52:44,0,49140,18758,30382,455
0,,2023-05-11 14:52:45,5,49140,18758,30382,455
0,,2023-05-11 14:52:46,0,49140,18758,30382,455
0,,2023-05-11 14:52:47,0,49140,18758,30382,455
0,,2023-05-11 14:52:48,0,49140,18758,30382,455
0,,2023-05-11 14:52:49,0,49140,18758,30382,455
0,,2023-05-11 14:52:50,100,49140,18758,30382,455
0,,2023-05-11 14:52:51,100,49140,18758,30382,455
0,,2023-05-11 14:52:52,100,49140,18758,30382,455
0,,2023-05-11 14:52:53,100,49140,18758,30382,455
0,,2023-05-11 14:52:54,0,49140,18758,30382,455
0,,2023-05-11 14:52:55,0,49140,18758,30382,455
0,,2023-05-11 14:52:56,0,49140,18758,30382,455
0,,2023-05-11 14:52:57,0,49140,18758,30382,455
0,,2023-05-11 14:52:58,0,49140,18758,30382,455
0,,2023-05-11 14:52:59,0,49140,18758,30382,455
0,,2023-05-11 14:53:00,0,49140,18758,30382,455
0,,2023-05-11 14:53:01,7,49140,18758,30382,455
0,,2023-05-11 14:53:02,0,49140,18758,30382,455
0,,2023-05-11 14:53:03,0,49140,18758,30382,455
0,,2023-05-11 14:53:04,26,49140,18758,30382,455
0,,2023-05-11 14:53:05,100,49140,18758,30382,455
0,,2023-05-11 14:53:06,100,49140,18758,30382,455
0,,2023-05-11 14:53:07,100,49140,18758,30382,455
0,,2023-05-11 14:53:08,78,49140,18758,30382,455
0,,2023-05-11 14:53:09,0,49140,18758,30382,455
0,,2023-05-11 14:53:10,0,49140,18758,30382,455
0,,2023-05-11 14:53:11,0,49140,18758,30382,455
0,,2023-05-11 14:53:12,0,49140,18758,30382,455
0,,2023-05-11 14:53:13,0,49140,18758,30382,455
0,,2023-05-11 14:53:14,19,49140,18758,30382,455
0,,2023-05-11 14:53:15,0,49140,18758,30382,455
0,,2023-05-11 14:53:16,0,49140,18758,30382,455
0,,2023-05-11 14:53:17,0,49140,18758,30382,455
0,,2023-05-11 14:53:18,0,49140,18758,30382,455
0,,2023-05-11 14:53:19,100,49140,18758,30382,455
0,,2023-05-11 14:53:20,100,49140,18758,30382,455
0,,2023-05-11 14:53:21,100,49140,18758,30382,455
0,,2023-05-11 14:53:22,100,49140,18758,30382,455
0,,2023-05-11 14:53:23,0,49140,18758,30382,455
0,,2023-05-11 14:53:24,0,49140,18758,30382,455
0,,2023-05-11 14:53:25,0,49140,18758,30382,455
0,,2023-05-11 14:53:26,0,49140,18758,30382,455
0,,2023-05-11 14:53:27,0,49140,18758,30382,455
0,,2023-05-11 14:53:28,17,49140,18758,30382,455
0,,2023-05-11 14:53:29,0,49140,18758,30382,455
0,,2023-05-11 14:53:30,0,49140,18758,30382,455
0,,2023-05-11 14:53:31,0,49140,18758,30382,455
0,,2023-05-11 14:53:32,0,49140,18758,30382,455
0,,2023-05-11 14:53:33,100,49140,18758,30382,455
0,,2023-05-11 14:53:34,100,49140,18758,30382,455
0,,2023-05-11 14:53:35,100,49140,18758,30382,455
0,,2023-05-11 14:53:36,100,49140,18758,30382,455
0,,2023-05-11 14:53:37,0,49140,18758,30382,455
0,,2023-05-11 14:53:38,0,49140,18758,30382,455
0,,2023-05-11 14:53:39,0,49140,18758,30382,455
0,,2023-05-11 14:53:40,0,49140,18758,30382,455
0,,2023-05-11 14:53:41,0,49140,18758,30382,455
0,,2023-05-11 14:53:42,0,49140,18758,30382,455
0,,2023-05-11 14:53:43,0,49140,18758,30382,455
0,,2023-05-11 14:53:44,0,49140,18758,30382,455
0,,2023-05-11 14:53:45,0,49140,18758,30382,455
0,,2023-05-11 14:53:46,0,49140,18758,30382,455
0,,2023-05-11 14:53:47,33,49140,18758,30382,455
0,,2023-05-11 14:53:48,100,49140,18758,30382,455
0,,2023-05-11 14:53:49,100,49140,18758,30382,455
0,,2023-05-11 14:53:50,100,49140,18758,30382,455
0,,2023-05-11 14:53:51,65,49140,18758,30382,455
0,,2023-05-11 14:53:52,0,49140,18758,30382,455
0,,2023-05-11 14:53:53,0,49140,18758,30382,455
0,,2023-05-11 14:53:54,0,49140,18758,30382,455
0,,2023-05-11 14:53:55,0,49140,18758,30382,455
0,,2023-05-11 14:53:56,0,49140,18758,30382,455
0,,2023-05-11 14:53:57,0,49140,18758,30382,455
0,,2023-05-11 14:53:58,0,49140,18758,30382,455
0,,2023-05-11 14:53:59,0,49140,18758,30382,455
0,,2023-05-11 14:54:00,0,49140,18758,30382,455
0,,2023-05-11 14:54:01,0,49140,18758,30382,455
0,,2023-05-11 14:54:02,100,49140,18758,30382,455
0,,2023-05-11 14:54:04,100,49140,18758,30382,455
0,,2023-05-11 14:54:05,100,49140,18758,30382,455
0,,2023-05-11 14:54:06,100,49140,18758,30382,455
0,,2023-05-11 14:54:07,6,49140,18758,30382,455
0,,2023-05-11 14:54:08,0,49140,18758,30382,455
0,,2023-05-11 14:54:09,0,49140,18758,30382,455
0,,2023-05-11 14:54:10,0,49140,18758,30382,455
0,,2023-05-11 14:54:11,0,49140,18758,30382,455
0,,2023-05-11 14:54:12,0,49140,18758,30382,455
0,,2023-05-11 14:54:13,0,49140,18758,30382,455
0,,2023-05-11 14:54:14,0,49140,18758,30382,455
0,,2023-05-11 14:54:15,0,49140,18758,30382,455
0,,2023-05-11 14:54:16,0,49140,18758,30382,455
0,,2023-05-11 14:54:17,95,49140,18758,30382,455
0,,2023-05-11 14:54:18,100,49140,18758,30382,455
0,,2023-05-11 14:54:19,100,49140,18758,30382,455
0,,2023-05-11 14:54:20,100,49140,18758,30382,455
0,,2023-05-11 14:54:21,3,49140,18758,30382,455
0,,2023-05-11 14:54:22,0,49140,18758,30382,455
0,,2023-05-11 14:54:23,0,49140,18758,30382,455
0,,2023-05-11 14:54:24,0,49140,18758,30382,455
0,,2023-05-11 14:54:25,0,49140,18758,30382,455
0,,2023-05-11 14:54:26,0,49140,18758,30382,455
0,,2023-05-11 14:54:27,0,49140,18758,30382,455
0,,2023-05-11 14:54:28,8,49140,18758,30382,455
0,,2023-05-11 14:54:29,0,49140,18758,30382,455
0,,2023-05-11 14:54:30,0,49140,18758,30382,455
0,,2023-05-11 14:54:31,0,49140,18758,30382,455
0,,2023-05-11 14:54:32,100,49140,18758,30382,455
0,,2023-05-11 14:54:33,100,49140,18758,30382,455
0,,2023-05-11 14:54:34,100,49140,18758,30382,455
0,,2023-05-11 14:54:35,100,49140,18758,30382,455
0,,2023-05-11 14:54:36,100,49140,18054,31086,455
0,,2023-05-11 14:54:37,100,49140,18054,31086,455
0,,2023-05-11 14:54:38,0,49140,18054,31086,455
0,,2023-05-11 14:54:39,0,49140,18054,31086,455
0,,2023-05-11 14:54:40,0,49140,18054,31086,455
0,,2023-05-11 14:54:41,0,49140,18054,31086,455
0,,2023-05-11 14:54:42,0,49140,18054,31086,455
0,,2023-05-11 14:54:43,100,49140,18054,31086,455
0,,2023-05-11 14:54:44,100,49140,18054,31086,455
0,,2023-05-11 14:54:45,0,49140,18054,31086,455
0,,2023-05-11 14:54:46,0,49140,18054,31086,455
0,,2023-05-11 14:54:47,0,49140,18054,31086,455
0,,2023-05-11 14:54:48,0,49140,18054,31086,455
0,,2023-05-11 14:54:49,0,49140,18054,31086,455
0,,2023-05-11 14:54:50,100,49140,18054,31086,455
0,,2023-05-11 14:54:51,100,49140,18054,31086,455
0,,2023-05-11 14:54:52,0,49140,18054,31086,455
0,,2023-05-11 14:54:53,0,49140,18054,31086,455
0,,2023-05-11 14:54:54,0,49140,18054,31086,455
0,,2023-05-11 14:54:55,1,49140,18054,31086,455
0,,2023-05-11 14:54:56,0,49140,18054,31086,455
0,,2023-05-11 14:54:57,100,49140,18054,31086,455
0,,2023-05-11 14:54:58,100,49140,18054,31086,455
0,,2023-05-11 14:54:59,0,49140,18054,31086,455
0,,2023-05-11 14:55:00,0,49140,18054,31086,455
0,,2023-05-11 14:55:01,0,49140,18054,31086,455
0,,2023-05-11 14:55:02,0,49140,18054,31086,455
0,,2023-05-11 14:55:03,0,49140,18054,31086,455
0,,2023-05-11 14:55:04,100,49140,18054,31086,455
0,,2023-05-11 14:55:05,100,49140,18054,31086,455
0,,2023-05-11 14:55:06,0,49140,18054,31086,455
0,,2023-05-11 14:55:07,0,49140,18054,31086,455
0,,2023-05-11 14:55:08,0,49140,18054,31086,455
0,,2023-05-11 14:55:09,4,49140,18054,31086,455
0,,2023-05-11 14:55:10,0,49140,18054,31086,455
0,,2023-05-11 14:55:11,100,49140,18054,31086,455
0,,2023-05-11 14:55:12,100,49140,18054,31086,455
0,,2023-05-11 14:55:13,0,49140,18054,31086,455
0,,2023-05-11 14:55:14,0,49140,18054,31086,455
0,,2023-05-11 14:55:15,0,49140,18054,31086,455
0,,2023-05-11 14:55:16,4,49140,18054,31086,455
0,,2023-05-11 14:55:17,0,49140,18054,31086,455
0,,2023-05-11 14:55:18,100,49140,18054,31086,455
0,,2023-05-11 14:55:19,100,49140,18054,31086,455
0,,2023-05-11 14:55:20,0,49140,18054,31086,455
0,,2023-05-11 14:55:21,0,49140,18054,31086,455
0,,2023-05-11 14:55:22,0,49140,18054,31086,455
0,,2023-05-11 14:55:23,4,49140,18054,31086,455
0,,2023-05-11 14:55:24,0,49140,18054,31086,455
0,,2023-05-11 14:55:25,100,49140,18054,31086,455
0,,2023-05-11 14:55:26,100,49140,18054,31086,455
0,,2023-05-11 14:55:27,0,49140,18054,31086,455
0,,2023-05-11 14:55:28,0,49140,18054,31086,455
0,,2023-05-11 14:55:29,0,49140,18054,31086,455
0,,2023-05-11 14:55:30,2,49140,18054,31086,455
0,,2023-05-11 14:55:31,0,49140,18054,31086,455
0,,2023-05-11 14:55:32,100,49140,18054,31086,455
0,,2023-05-11 14:55:33,100,49140,18054,31086,455
0,,2023-05-11 14:55:34,0,49140,18054,31086,455
0,,2023-05-11 14:55:35,0,49140,18054,31086,455
0,,2023-05-11 14:55:36,0,49140,18054,31086,455
0,,2023-05-11 14:55:37,1,49140,18054,31086,455
0,,2023-05-11 14:55:38,0,49140,18054,31086,455
0,,2023-05-11 14:55:39,100,49140,18054,31086,455
0,,2023-05-11 14:55:40,100,49140,18054,31086,455
0,,2023-05-11 14:55:41,0,49140,18054,31086,455
0,,2023-05-11 14:55:42,0,49140,18054,31086,455
0,,2023-05-11 14:55:43,0,49140,18054,31086,455
0,,2023-05-11 14:55:44,0,49140,18054,31086,455
0,,2023-05-11 14:55:45,0,49140,18054,31086,455
0,,2023-05-11 14:55:46,100,49140,18054,31086,455
0,,2023-05-11 14:55:47,100,49140,18054,31086,455
0,,2023-05-11 14:55:48,4,49140,18054,31086,455
0,,2023-05-11 14:55:49,100,49140,18054,31086,455
0,,2023-05-11 14:55:50,100,49140,18054,31086,455
0,,2023-05-11 14:55:51,100,49140,18054,31086,455
0,,2023-05-11 14:55:52,0,49140,19716,29424,455
0,,2023-05-11 14:55:53,0,49140,19716,29424,455
0,,2023-05-11 14:55:54,0,49140,19716,29424,455
0,,2023-05-11 14:55:55,0,49140,19716,29424,455
0,,2023-05-11 14:55:56,0,49140,19716,29424,455
0,,2023-05-11 14:55:57,0,49140,19716,29424,455
0,,2023-05-11 14:55:58,100,49140,19716,29424,455
0,,2023-05-11 14:55:59,100,49140,19716,29424,455
0,,2023-05-11 14:56:00,23,49140,19716,29424,455
0,,2023-05-11 14:56:01,0,49140,19716,29424,455
0,,2023-05-11 14:56:02,0,49140,19716,29424,455
0,,2023-05-11 14:56:03,13,49140,19716,29424,455
0,,2023-05-11 14:56:04,0,49140,19716,29424,455
0,,2023-05-11 14:56:05,0,49140,19716,29424,455
0,,2023-05-11 14:56:06,100,49140,19716,29424,455
0,,2023-05-11 14:56:07,100,49140,19716,29424,455
0,,2023-05-11 14:56:08,39,49140,19716,29424,455
0,,2023-05-11 14:56:09,0,49140,19716,29424,455
0,,2023-05-11 14:56:10,0,49140,19716,29424,455
0,,2023-05-11 14:56:11,0,49140,19716,29424,455
0,,2023-05-11 14:56:12,4,49140,19716,29424,455
0,,2023-05-11 14:56:13,0,49140,19716,29424,455
0,,2023-05-11 14:56:14,100,49140,19716,29424,455
0,,2023-05-11 14:56:15,100,49140,19716,29424,455
0,,2023-05-11 14:56:16,100,49140,19716,29424,455
0,,2023-05-11 14:56:17,0,49140,19716,29424,455
0,,2023-05-11 14:56:18,0,49140,19716,29424,455
0,,2023-05-11 14:56:19,0,49140,19716,29424,455
0,,2023-05-11 14:56:20,0,49140,19716,29424,455
0,,2023-05-11 14:56:21,0,49140,19716,29424,455
0,,2023-05-11 14:56:22,0,49140,19716,29424,455
0,,2023-05-11 14:56:23,100,49140,19716,29424,455
0,,2023-05-11 14:56:24,100,49140,19716,29424,455
0,,2023-05-11 14:56:25,6,49140,19716,29424,455
0,,2023-05-11 14:56:26,0,49140,19716,29424,455
0,,2023-05-11 14:56:27,0,49140,19716,29424,455
0,,2023-05-11 14:56:28,0,49140,19716,29424,455
0,,2023-05-11 14:56:29,4,49140,19716,29424,455
0,,2023-05-11 14:56:30,0,49140,19716,29424,455
0,,2023-05-11 14:56:31,100,49140,19716,29424,455
0,,2023-05-11 14:56:32,100,49140,19716,29424,455
0,,2023-05-11 14:56:33,100,49140,19716,29424,455
0,,2023-05-11 14:56:34,0,49140,19716,29424,455
0,,2023-05-11 14:56:35,0,49140,19716,29424,455
0,,2023-05-11 14:56:36,0,49140,19716,29424,455
0,,2023-05-11 14:56:37,12,49140,19716,29424,455
0,,2023-05-11 14:56:38,0,49140,19716,29424,455
0,,2023-05-11 14:56:39,0,49140,19716,29424,455
0,,2023-05-11 14:56:40,100,49140,19716,29424,455
0,,2023-05-11 14:56:41,100,49140,19716,29424,455
0,,2023-05-11 14:56:42,100,49140,19716,29424,455
0,,2023-05-11 14:56:43,0,49140,19716,29424,455
0,,2023-05-11 14:56:44,0,49140,19716,29424,455
0,,2023-05-11 14:56:45,0,49140,19716,29424,455
0,,2023-05-11 14:56:46,0,49140,19716,29424,455
0,,2023-05-11 14:56:47,0,49140,19716,29424,455
0,,2023-05-11 14:56:48,0,49140,19716,29424,455
0,,2023-05-11 14:56:49,100,49140,19716,29424,455
0,,2023-05-11 14:56:50,100,49140,19716,29424,455
0,,2023-05-11 14:56:51,52,49140,19716,29424,455
0,,2023-05-11 14:56:52,0,49140,19716,29424,455
0,,2023-05-11 14:56:53,0,49140,19716,29424,455
0,,2023-05-11 14:56:54,0,49140,19716,29424,455
0,,2023-05-11 14:56:55,0,49140,19716,29424,455
0,,2023-05-11 14:56:56,0,49140,19716,29424,455
0,,2023-05-11 14:56:57,100,49140,19716,29424,455
0,,2023-05-11 14:56:58,100,49140,19716,29424,455
0,,2023-05-11 14:56:59,100,49140,19716,29424,455
0,,2023-05-11 14:57:00,0,49140,19716,29424,455
0,,2023-05-11 14:57:01,0,49140,19716,29424,455
0,,2023-05-11 14:57:02,0,49140,19716,29424,455
0,,2023-05-11 14:57:03,0,49140,19716,29424,455
0,,2023-05-11 14:57:04,0,49140,19716,29424,455
0,,2023-05-11 14:57:05,12,49140,19716,29424,455
0,,2023-05-11 14:57:06,100,49140,19716,29424,455
0,,2023-05-11 14:57:07,100,49140,19716,29424,455
0,,2023-05-11 14:57:08,1,49140,19716,29424,455
0,,2023-05-11 14:57:09,0,49140,19716,29424,455
0,,2023-05-11 14:57:10,0,49140,19716,29424,455
0,,2023-05-11 14:57:11,12,49140,19716,29424,455
0,,2023-05-11 14:57:12,0,49140,19716,29424,455
0,,2023-05-11 14:57:13,0,49140,19716,29424,455
0,,2023-05-11 14:57:14,100,49140,19716,29424,455
0,,2023-05-11 14:57:15,100,49140,19716,29424,455
0,,2023-05-11 14:57:16,100,49140,19716,29424,455
0,,2023-05-11 14:57:17,100,49140,19716,29424,455
0,,2023-05-11 14:57:18,100,49140,19716,29424,455
0,,2023-05-11 14:57:19,0,49140,19716,29424,455
0,,2023-05-11 14:57:20,0,49140,19716,29424,455
0,,2023-05-11 14:57:21,0,49140,19716,29424,455
0,,2023-05-11 14:57:22,4,49140,19716,29424,455
0,,2023-05-11 14:57:23,0,49140,19716,29424,455
0,,2023-05-11 14:57:24,100,49140,19716,29424,455
0,,2023-05-11 14:57:25,100,49140,19716,29424,455
0,,2023-05-11 14:57:26,0,49140,19716,29424,455
0,,2023-05-11 14:57:27,0,49140,19716,29424,455
0,,2023-05-11 14:57:28,0,49140,19716,29424,455
0,,2023-05-11 14:57:29,0,49140,19716,29424,455
0,,2023-05-11 14:57:30,0,49140,19716,29424,455
0,,2023-05-11 14:57:32,100,49140,19716,29424,455
0,,2023-05-11 14:57:33,100,49140,19716,29424,455
0,,2023-05-11 14:57:34,0,49140,19716,29424,455
0,,2023-05-11 14:57:35,0,49140,19716,29424,455
0,,2023-05-11 14:57:36,0,49140,19716,29424,455
0,,2023-05-11 14:57:37,0,49140,19716,29424,455
0,,2023-05-11 14:57:38,0,49140,19716,29424,455
0,,2023-05-11 14:57:39,87,49140,19716,29424,455
0,,2023-05-11 14:57:40,100,49140,19716,29424,455
0,,2023-05-11 14:57:41,15,49140,19716,29424,455
0,,2023-05-11 14:57:42,0,49140,19716,29424,455
0,,2023-05-11 14:57:43,0,49140,19716,29424,455
0,,2023-05-11 14:57:44,0,49140,19716,29424,455
0,,2023-05-11 14:57:45,0,49140,19716,29424,455
0,,2023-05-11 14:57:46,82,49140,19716,29424,455
0,,2023-05-11 14:57:47,100,49140,19716,29424,455
0,,2023-05-11 14:57:48,21,49140,19716,29424,455
0,,2023-05-11 14:57:49,0,49140,19716,29424,455
0,,2023-05-11 14:57:50,0,49140,19716,29424,455
0,,2023-05-11 14:57:51,0,49140,19716,29424,455
0,,2023-05-11 14:57:52,0,49140,19716,29424,455
0,,2023-05-11 14:57:53,14,49140,19716,29424,455
0,,2023-05-11 14:57:54,100,49140,19716,29424,455
0,,2023-05-11 14:57:55,88,49140,19716,29424,455
0,,2023-05-11 14:57:56,0,49140,19716,29424,455
0,,2023-05-11 14:57:57,0,49140,19716,29424,455
0,,2023-05-11 14:57:58,11,49140,19716,29424,455
0,,2023-05-11 14:57:59,0,49140,19716,29424,455
0,,2023-05-11 14:58:00,89,49140,19716,29424,455
0,,2023-05-11 14:58:01,100,49140,19716,29424,455
0,,2023-05-11 14:58:02,13,49140,19716,29424,455
0,,2023-05-11 14:58:03,0,49140,19716,29424,455
0,,2023-05-11 14:58:04,0,49140,19716,29424,455
0,,2023-05-11 14:58:05,0,49140,19716,29424,455
0,,2023-05-11 14:58:06,0,49140,19716,29424,455
0,,2023-05-11 14:58:07,78,49140,19716,29424,455
0,,2023-05-11 14:58:08,100,49140,19716,29424,455
0,,2023-05-11 14:58:09,27,49140,19716,29424,455
0,,2023-05-11 14:58:10,0,49140,19716,29424,455
0,,2023-05-11 14:58:11,0,49140,19716,29424,455
0,,2023-05-11 14:58:12,0,49140,19716,29424,455
0,,2023-05-11 14:58:13,0,49140,19716,29424,455
0,,2023-05-11 14:58:14,59,49140,19716,29424,455
0,,2023-05-11 14:58:15,100,49140,19716,29424,455
0,,2023-05-11 14:58:16,44,49140,19716,29424,455
0,,2023-05-11 14:58:17,0,49140,19716,29424,455
0,,2023-05-11 14:58:18,0,49140,19716,29424,455
0,,2023-05-11 14:58:19,7,49140,19716,29424,455
0,,2023-05-11 14:58:20,0,49140,19716,29424,455
0,,2023-05-11 14:58:21,0,49140,19716,29424,455
0,,2023-05-11 14:58:22,100,49140,19716,29424,455
0,,2023-05-11 14:58:23,100,49140,19716,29424,455
0,,2023-05-11 14:58:24,0,49140,19716,29424,455
0,,2023-05-11 14:58:25,0,49140,19716,29424,455
0,,2023-05-11 14:58:26,0,49140,19716,29424,455
0,,2023-05-11 14:58:27,0,49140,19716,29424,455
0,,2023-05-11 14:58:28,0,49140,19716,29424,455
0,,2023-05-11 14:58:29,100,49140,19716,29424,455
0,,2023-05-11 14:58:30,100,49140,19716,29424,455
0,,2023-05-11 14:58:31,0,49140,19716,29424,455
