device,context,time,utilization,total memory (MB),free memory (MB),used memory (MB),memory not used by torch (MB)
4,,2023-05-16 13:50:27,0,81920,80403,1517,820
4,,2023-05-16 13:50:28,0,81920,80403,1517,820
4,,2023-05-16 13:50:29,0,81920,80403,1517,820
4,,2023-05-16 13:50:30,0,81920,80403,1517,820
4,,2023-05-16 13:50:31,0,81920,80403,1517,820
4,,2023-05-16 13:50:32,0,81920,80403,1517,820
4,,2023-05-16 13:50:33,0,81920,80403,1517,820
4,,2023-05-16 13:50:34,0,81920,80403,1517,820
4,,2023-05-16 13:50:35,0,81920,80403,1517,820
4,,2023-05-16 13:50:36,0,81920,80403,1517,820
4,,2023-05-16 13:50:37,0,81920,80403,1517,820
4,,2023-05-16 13:50:38,0,81920,80403,1517,820
4,,2023-05-16 13:50:39,0,81920,80259,1661,820
4,,2023-05-16 13:50:40,0,81920,78891,3029,820
4,,2023-05-16 13:50:41,0,81920,78891,3029,820
4,,2023-05-16 13:50:42,0,81920,78891,3029,820
4,,2023-05-16 13:50:43,0,81920,78887,3033,820
4,,2023-05-16 13:50:44,0,81920,78817,3103,820
4,,2023-05-16 13:50:45,0,81920,78815,3105,820
4,,2023-05-16 13:50:46,0,81920,78567,3353,820
4,,2023-05-16 13:50:47,0,81920,77355,4565,820
4,,2023-05-16 13:50:48,0,81920,77339,4581,820
4,,2023-05-16 13:50:49,0,81920,76605,5315,820
4,,2023-05-16 13:50:50,0,81920,76605,5315,820
4,,2023-05-16 13:50:51,0,81920,75529,6391,820
4,,2023-05-16 13:50:52,0,81920,74431,7489,820
4,,2023-05-16 13:50:53,0,81920,74431,7489,820
4,,2023-05-16 13:50:54,0,81920,74289,7631,820
4,,2023-05-16 13:50:55,0,81920,74289,7631,820
4,,2023-05-16 13:50:56,0,81920,73911,8009,820
4,,2023-05-16 13:50:57,0,81920,73911,8009,820
4,,2023-05-16 13:50:58,0,81920,74993,6927,820
4,,2023-05-16 13:50:59,0,81920,74039,7881,820
4,,2023-05-16 13:51:00,0,81920,75135,6785,820
4,,2023-05-16 13:51:01,0,81920,74445,7475,820
4,,2023-05-16 13:51:02,0,81920,74445,7475,820
4,,2023-05-16 13:51:03,0,81920,74445,7475,820
4,,2023-05-16 13:51:04,0,81920,74095,7825,820
4,,2023-05-16 13:51:05,0,81920,74095,7825,820
4,,2023-05-16 13:51:06,0,81920,74063,7857,820
4,,2023-05-16 13:51:07,0,81920,74063,7857,820
4,,2023-05-16 13:51:08,0,81920,74063,7857,820
4,,2023-05-16 13:51:09,0,81920,74063,7857,820
4,,2023-05-16 13:51:10,0,81920,74063,7857,820
4,,2023-05-16 13:51:11,0,81920,74063,7857,820
4,,2023-05-16 13:51:12,0,81920,74063,7857,820
4,,2023-05-16 13:51:13,0,81920,74063,7857,820
4,,2023-05-16 13:51:14,0,81920,74061,7859,820
4,,2023-05-16 13:51:15,0,81920,74061,7859,820
4,,2023-05-16 13:51:16,0,81920,74061,7859,820
4,,2023-05-16 13:51:17,0,81920,74061,7859,820
4,,2023-05-16 13:51:18,0,81920,74061,7859,820
4,,2023-05-16 13:51:19,0,81920,74061,7859,820
4,,2023-05-16 13:51:20,0,81920,75819,6101,820
4,,2023-05-16 13:51:21,0,81920,73701,8219,820
4,,2023-05-16 13:51:22,0,81920,73701,8219,820
4,,2023-05-16 13:51:23,0,81920,73701,8219,820
4,,2023-05-16 13:51:24,0,81920,73701,8219,820
4,,2023-05-16 13:51:25,0,81920,73701,8219,820
4,,2023-05-16 13:51:26,0,81920,73701,8219,820
4,,2023-05-16 13:51:27,0,81920,73701,8219,820
4,,2023-05-16 13:51:28,0,81920,73701,8219,820
4,,2023-05-16 13:51:29,0,81920,73573,8347,820
4,,2023-05-16 13:51:30,0,81920,73573,8347,820
4,,2023-05-16 13:51:31,0,81920,73733,8187,820
4,,2023-05-16 13:51:32,0,81920,73733,8187,820
4,,2023-05-16 13:51:33,0,81920,74687,7233,820
4,,2023-05-16 13:51:34,0,81920,73733,8187,820
4,,2023-05-16 13:51:35,0,81920,74913,7007,434
4,,2023-05-16 13:51:36,0,81920,72801,9119,820
4,,2023-05-16 13:51:37,0,81920,72801,9119,820
4,,2023-05-16 13:51:38,0,81920,73573,8347,820
4,,2023-05-16 13:51:39,0,81920,73573,8347,820
4,,2023-05-16 13:51:40,0,81920,73573,8347,820
4,,2023-05-16 13:51:41,0,81920,73573,8347,820
4,,2023-05-16 13:51:42,0,81920,73573,8347,820
4,,2023-05-16 13:51:43,0,81920,73573,8347,820
4,,2023-05-16 13:51:44,0,81920,73733,8187,820
4,,2023-05-16 13:51:45,0,81920,73733,8187,820
4,,2023-05-16 13:51:46,0,81920,73733,8187,820
4,,2023-05-16 13:51:47,0,81920,73733,8187,820
4,,2023-05-16 13:51:48,0,81920,73573,8347,820
4,,2023-05-16 13:51:49,0,81920,73573,8347,820
4,,2023-05-16 13:51:50,0,81920,73573,8347,820
4,,2023-05-16 13:51:51,0,81920,73733,8187,820
4,,2023-05-16 13:51:52,0,81920,73733,8187,820
4,,2023-05-16 13:51:53,0,81920,73733,8187,820
4,,2023-05-16 13:51:54,0,81920,73177,8743,820
4,,2023-05-16 13:51:55,0,81920,73177,8743,820
4,,2023-05-16 13:51:56,0,81920,73733,8187,820
4,,2023-05-16 13:51:57,0,81920,73733,8187,820
4,,2023-05-16 13:51:58,0,81920,73733,8187,820
4,,2023-05-16 13:51:59,0,81920,73733,8187,820
4,,2023-05-16 13:52:00,0,81920,73733,8187,820
4,,2023-05-16 13:52:01,0,81920,73733,8187,820
4,,2023-05-16 13:52:02,0,81920,73733,8187,820
4,,2023-05-16 13:52:03,0,81920,73445,8475,820
4,,2023-05-16 13:52:04,0,81920,73445,8475,820
4,,2023-05-16 13:52:05,0,81920,73445,8475,820
4,,2023-05-16 13:52:06,0,81920,73605,8315,820
4,,2023-05-16 13:52:07,0,81920,73605,8315,820
4,,2023-05-16 13:52:08,0,81920,73445,8475,820
4,,2023-05-16 13:52:09,0,81920,73445,8475,820
4,,2023-05-16 13:52:10,0,81920,73445,8475,820
4,,2023-05-16 13:52:11,0,81920,73445,8475,820
4,,2023-05-16 13:52:12,0,81920,73049,8871,820
4,,2023-05-16 13:52:13,0,81920,73317,8603,820
4,,2023-05-16 13:52:14,0,81920,73317,8603,820
4,,2023-05-16 13:52:15,0,81920,73317,8603,820
4,,2023-05-16 13:52:16,0,81920,73317,8603,820
4,,2023-05-16 13:52:17,0,81920,73317,8603,820
4,,2023-05-16 13:52:18,0,81920,73317,8603,820
4,,2023-05-16 13:52:19,0,81920,73317,8603,820
4,,2023-05-16 13:52:20,0,81920,73317,8603,820
4,,2023-05-16 13:52:21,0,81920,73317,8603,820
4,,2023-05-16 13:52:22,0,81920,73317,8603,820
4,,2023-05-16 13:52:23,0,81920,73317,8603,820
4,,2023-05-16 13:52:24,0,81920,73317,8603,820
4,,2023-05-16 13:52:25,0,81920,73317,8603,820
4,,2023-05-16 13:52:26,0,81920,73317,8603,820
4,,2023-05-16 13:52:27,0,81920,73293,8627,820
4,,2023-05-16 13:52:28,0,81920,71829,10091,820
4,,2023-05-16 13:52:29,0,81920,71827,10093,820
4,,2023-05-16 13:52:30,0,81920,71453,10467,820
4,,2023-05-16 13:52:31,0,81920,67383,14537,820
4,,2023-05-16 13:52:32,0,81920,61059,20861,820
4,,2023-05-16 13:52:33,0,81920,57965,23955,820
4,,2023-05-16 13:52:34,0,81920,56427,25493,820
4,,2023-05-16 13:52:35,0,81920,56427,25493,820
4,,2023-05-16 13:52:36,0,81920,52117,29803,820
4,,2023-05-16 13:52:37,0,81920,50579,31341,820
4,,2023-05-16 13:52:38,0,81920,50579,31341,820
4,,2023-05-16 13:52:39,0,81920,50579,31341,820
4,,2023-05-16 13:52:40,0,81920,47503,34417,820
4,,2023-05-16 13:52:41,0,81920,47503,34417,820
4,,2023-05-16 13:52:42,0,81920,47503,34417,820
4,,2023-05-16 13:52:43,0,81920,47503,34417,820
4,,2023-05-16 13:52:44,0,81920,47503,34417,820
4,,2023-05-16 13:52:45,0,81920,45821,36099,820
4,,2023-05-16 13:52:46,0,81920,45821,36099,820
4,,2023-05-16 13:52:47,0,81920,45821,36099,820
4,,2023-05-16 13:52:48,0,81920,45821,36099,820
4,,2023-05-16 13:52:49,0,81920,45821,36099,820
4,,2023-05-16 13:52:50,0,81920,45821,36099,820
4,,2023-05-16 13:52:51,0,81920,45821,36099,820
4,,2023-05-16 13:52:52,0,81920,45821,36099,820
4,,2023-05-16 13:52:53,0,81920,45821,36099,820
4,,2023-05-16 13:52:54,0,81920,45821,36099,820
4,,2023-05-16 13:52:55,0,81920,45821,36099,820
4,,2023-05-16 13:52:56,0,81920,45821,36099,820
4,,2023-05-16 13:52:57,0,81920,45821,36099,820
4,,2023-05-16 13:52:58,0,81920,45821,36099,820
4,,2023-05-16 13:52:59,0,81920,52467,29453,820
4,,2023-05-16 13:53:00,0,81920,46815,35105,820
4,,2023-05-16 13:53:01,0,81920,46815,35105,820
4,,2023-05-16 13:53:02,0,81920,46815,35105,820
4,,2023-05-16 13:53:03,0,81920,44933,36987,820
4,,2023-05-16 13:53:04,0,81920,44933,36987,820
4,,2023-05-16 13:53:05,0,81920,44933,36987,820
4,,2023-05-16 13:53:06,0,81920,44933,36987,820
4,,2023-05-16 13:53:07,0,81920,44933,36987,820
4,,2023-05-16 13:53:08,0,81920,44933,36987,820
4,,2023-05-16 13:53:09,0,81920,43251,38669,820
4,,2023-05-16 13:53:10,0,81920,43251,38669,820
4,,2023-05-16 13:53:11,0,81920,43251,38669,820
4,,2023-05-16 13:53:12,0,81920,43251,38669,820
4,,2023-05-16 13:53:13,0,81920,43251,38669,820
4,,2023-05-16 13:53:14,0,81920,43251,38669,820
4,,2023-05-16 13:53:15,0,81920,43251,38669,820
4,,2023-05-16 13:53:16,0,81920,43251,38669,820
4,,2023-05-16 13:53:17,0,81920,43251,38669,820
4,,2023-05-16 13:53:18,0,81920,41713,40207,820
4,,2023-05-16 13:53:19,0,81920,41713,40207,820
4,,2023-05-16 13:53:21,0,81920,41713,40207,820
4,,2023-05-16 13:53:22,0,81920,41713,40207,820
4,,2023-05-16 13:53:23,0,81920,41713,40207,820
4,,2023-05-16 13:53:24,0,81920,41713,40207,820
4,,2023-05-16 13:53:25,0,81920,41713,40207,820
4,,2023-05-16 13:53:26,0,81920,40031,41889,820
4,,2023-05-16 13:53:27,0,81920,37467,44453,820
4,,2023-05-16 13:53:28,0,81920,37467,44453,820
4,,2023-05-16 13:53:29,0,81920,37467,44453,820
4,,2023-05-16 13:53:30,0,81920,47885,34035,820
4,,2023-05-16 13:53:31,0,81920,47885,34035,820
4,,2023-05-16 13:53:32,0,81920,47885,34035,820
4,,2023-05-16 13:53:33,0,81920,47885,34035,820
4,,2023-05-16 13:53:34,0,81920,47885,34035,820
4,,2023-05-16 13:53:35,0,81920,47885,34035,820
4,,2023-05-16 13:53:36,0,81920,47885,34035,820
4,,2023-05-16 13:53:37,0,81920,43339,38581,820
4,,2023-05-16 13:53:38,0,81920,43339,38581,820
4,,2023-05-16 13:53:39,0,81920,43339,38581,820
4,,2023-05-16 13:53:40,0,81920,43339,38581,820
4,,2023-05-16 13:53:41,0,81920,43339,38581,820
4,,2023-05-16 13:53:42,0,81920,41801,40119,820
4,,2023-05-16 13:53:43,0,81920,41801,40119,820
4,,2023-05-16 13:53:44,0,81920,41801,40119,820
4,,2023-05-16 13:53:45,0,81920,41801,40119,820
4,,2023-05-16 13:53:46,0,81920,41801,40119,820
4,,2023-05-16 13:53:47,0,81920,41801,40119,820
4,,2023-05-16 13:53:48,0,81920,41801,40119,820
4,,2023-05-16 13:53:49,0,81920,41801,40119,820
4,,2023-05-16 13:53:50,0,81920,41801,40119,820
4,,2023-05-16 13:53:51,0,81920,41801,40119,820
4,,2023-05-16 13:53:52,0,81920,41801,40119,820
4,,2023-05-16 13:53:53,0,81920,41801,40119,820
4,,2023-05-16 13:53:54,0,81920,41801,40119,820
4,,2023-05-16 13:53:55,0,81920,51467,30453,820
4,,2023-05-16 13:53:56,0,81920,45815,36105,820
4,,2023-05-16 13:53:57,0,81920,45815,36105,820
4,,2023-05-16 13:53:58,0,81920,45815,36105,820
4,,2023-05-16 13:53:59,0,81920,44133,37787,820
4,,2023-05-16 13:54:00,0,81920,44133,37787,820
4,,2023-05-16 13:54:01,0,81920,44133,37787,820
4,,2023-05-16 13:54:02,0,81920,44133,37787,820
4,,2023-05-16 13:54:03,0,81920,44133,37787,820
4,,2023-05-16 13:54:04,0,81920,44133,37787,820
4,,2023-05-16 13:54:05,0,81920,44133,37787,820
4,,2023-05-16 13:54:06,0,81920,44133,37787,820
4,,2023-05-16 13:54:07,0,81920,44133,37787,820
4,,2023-05-16 13:54:08,0,81920,44133,37787,820
4,,2023-05-16 13:54:09,0,81920,42595,39325,820
4,,2023-05-16 13:54:10,0,81920,42595,39325,820
4,,2023-05-16 13:54:11,0,81920,42595,39325,820
4,,2023-05-16 13:54:12,0,81920,42595,39325,820
4,,2023-05-16 13:54:13,0,81920,42595,39325,820
4,,2023-05-16 13:54:14,0,81920,42595,39325,820
4,,2023-05-16 13:54:15,0,81920,41057,40863,820
4,,2023-05-16 13:54:16,0,81920,41057,40863,820
4,,2023-05-16 13:54:17,0,81920,41057,40863,820
4,,2023-05-16 13:54:18,0,81920,41057,40863,820
4,,2023-05-16 13:54:19,0,81920,41057,40863,820
4,,2023-05-16 13:54:20,0,81920,41057,40863,820
4,,2023-05-16 13:54:21,0,81920,41057,40863,820
4,,2023-05-16 13:54:22,0,81920,39375,42545,820
4,,2023-05-16 13:54:23,0,81920,36811,45109,820
4,,2023-05-16 13:54:24,0,81920,36811,45109,820
4,,2023-05-16 13:54:25,0,81920,36811,45109,820
4,,2023-05-16 13:54:26,0,81920,45175,36745,820
4,,2023-05-16 13:54:27,0,81920,45175,36745,820
4,,2023-05-16 13:54:28,0,81920,45175,36745,820
4,,2023-05-16 13:54:29,0,81920,45175,36745,820
4,,2023-05-16 13:54:30,0,81920,43493,38427,820
4,,2023-05-16 13:54:31,0,81920,41955,39965,820
4,,2023-05-16 13:54:32,0,81920,41955,39965,820
4,,2023-05-16 13:54:33,0,81920,41955,39965,820
4,,2023-05-16 13:54:34,0,81920,39391,42529,820
4,,2023-05-16 13:54:35,0,81920,39391,42529,820
4,,2023-05-16 13:54:36,0,81920,39391,42529,820
4,,2023-05-16 13:54:37,0,81920,39391,42529,820
4,,2023-05-16 13:54:38,0,81920,37709,44211,820
4,,2023-05-16 13:54:39,0,81920,36027,45893,820
4,,2023-05-16 13:54:40,0,81920,36027,45893,820
4,,2023-05-16 13:54:41,0,81920,36027,45893,820
4,,2023-05-16 13:54:42,0,81920,36027,45893,820
4,,2023-05-16 13:54:43,0,81920,36027,45893,820
4,,2023-05-16 13:54:44,0,81920,36027,45893,820
4,,2023-05-16 13:54:45,0,81920,36027,45893,820
4,,2023-05-16 13:54:46,0,81920,36027,45893,820
4,,2023-05-16 13:54:47,0,81920,36027,45893,820
4,,2023-05-16 13:54:48,0,81920,36027,45893,820
4,,2023-05-16 13:54:49,0,81920,36027,45893,820
4,,2023-05-16 13:54:50,0,81920,36027,45893,820
4,,2023-05-16 13:54:51,0,81920,36027,45893,820
4,,2023-05-16 13:54:52,0,81920,36027,45893,820
4,,2023-05-16 13:54:53,0,81920,36027,45893,820
4,,2023-05-16 13:54:54,0,81920,36027,45893,820
4,,2023-05-16 13:54:55,0,81920,36027,45893,820
4,,2023-05-16 13:54:56,0,81920,37255,44665,820
4,,2023-05-16 13:54:57,0,81920,37255,44665,820
4,,2023-05-16 13:54:58,0,81920,37255,44665,820
4,,2023-05-16 13:54:59,0,81920,37255,44665,820
4,,2023-05-16 13:55:00,0,81920,37255,44665,820
4,,2023-05-16 13:55:01,0,81920,37255,44665,820
4,,2023-05-16 13:55:02,0,81920,37255,44665,820
4,,2023-05-16 13:55:03,0,81920,37255,44665,820
4,,2023-05-16 13:55:04,0,81920,37255,44665,820
4,,2023-05-16 13:55:05,0,81920,37255,44665,820
4,,2023-05-16 13:55:06,0,81920,37255,44665,820
4,,2023-05-16 13:55:07,0,81920,37255,44665,820
4,,2023-05-16 13:55:08,0,81920,37255,44665,820
4,,2023-05-16 13:55:09,0,81920,35785,46135,820
4,,2023-05-16 13:55:10,0,81920,33221,48699,820
4,,2023-05-16 13:55:11,0,81920,33221,48699,820
4,,2023-05-16 13:55:12,0,81920,33221,48699,820
4,,2023-05-16 13:55:13,0,81920,33221,48699,820
4,,2023-05-16 13:55:14,0,81920,33221,48699,820
4,,2023-05-16 13:55:15,0,81920,33221,48699,820
4,,2023-05-16 13:55:16,0,81920,33221,48699,820
4,,2023-05-16 13:55:17,0,81920,33221,48699,820
4,,2023-05-16 13:55:18,0,81920,33221,48699,820
4,,2023-05-16 13:55:19,0,81920,33221,48699,820
4,,2023-05-16 13:55:20,0,81920,33221,48699,820
4,,2023-05-16 13:55:21,0,81920,46797,35123,820
4,,2023-05-16 13:55:22,0,81920,46797,35123,820
4,,2023-05-16 13:55:23,0,81920,46797,35123,820
4,,2023-05-16 13:55:24,0,81920,46797,35123,820
4,,2023-05-16 13:55:25,0,81920,43225,38695,820
4,,2023-05-16 13:55:26,0,81920,43225,38695,820
4,,2023-05-16 13:55:27,0,81920,43225,38695,820
4,,2023-05-16 13:55:28,0,81920,41543,40377,820
4,,2023-05-16 13:55:29,0,81920,41543,40377,820
4,,2023-05-16 13:55:30,0,81920,41543,40377,820
4,,2023-05-16 13:55:31,0,81920,41543,40377,820
4,,2023-05-16 13:55:32,0,81920,38979,42941,820
4,,2023-05-16 13:55:33,0,81920,38979,42941,820
4,,2023-05-16 13:55:34,0,81920,38979,42941,820
4,,2023-05-16 13:55:35,0,81920,38979,42941,820
4,,2023-05-16 13:55:36,0,81920,38979,42941,820
4,,2023-05-16 13:55:37,0,81920,38979,42941,820
4,,2023-05-16 13:55:38,0,81920,38979,42941,820
4,,2023-05-16 13:55:39,0,81920,38979,42941,820
4,,2023-05-16 13:55:40,0,81920,38979,42941,820
4,,2023-05-16 13:55:41,0,81920,38979,42941,820
4,,2023-05-16 13:55:42,0,81920,38979,42941,820
4,,2023-05-16 13:55:43,0,81920,38979,42941,820
4,,2023-05-16 13:55:44,0,81920,38979,42941,820
4,,2023-05-16 13:55:45,0,81920,34733,47187,820
4,,2023-05-16 13:55:46,0,81920,34733,47187,820
4,,2023-05-16 13:55:47,0,81920,34733,47187,820
4,,2023-05-16 13:55:48,0,81920,34733,47187,820
4,,2023-05-16 13:55:49,0,81920,34733,47187,820
4,,2023-05-16 13:55:50,0,81920,34733,47187,820
4,,2023-05-16 13:55:51,0,81920,34631,47289,820
4,,2023-05-16 13:55:52,0,81920,34631,47289,820
4,,2023-05-16 13:55:53,0,81920,34631,47289,820
4,,2023-05-16 13:55:54,0,81920,34631,47289,820
4,,2023-05-16 13:55:55,0,81920,34631,47289,820
4,,2023-05-16 13:55:56,0,81920,34631,47289,820
4,,2023-05-16 13:55:57,0,81920,34631,47289,820
4,,2023-05-16 13:55:58,0,81920,34631,47289,820
4,,2023-05-16 13:55:59,0,81920,34631,47289,820
4,,2023-05-16 13:56:00,0,81920,34631,47289,820
4,,2023-05-16 13:56:01,0,81920,34631,47289,820
4,,2023-05-16 13:56:02,0,81920,34631,47289,820
4,,2023-05-16 13:56:03,0,81920,34631,47289,820
4,,2023-05-16 13:56:04,0,81920,34631,47289,820
4,,2023-05-16 13:56:05,0,81920,34631,47289,820
4,,2023-05-16 13:56:06,0,81920,34631,47289,820
4,,2023-05-16 13:56:07,0,81920,34631,47289,820
4,,2023-05-16 13:56:08,0,81920,34631,47289,820
4,,2023-05-16 13:56:09,0,81920,33093,48827,820
4,,2023-05-16 13:56:10,0,81920,33093,48827,820
4,,2023-05-16 13:56:11,0,81920,33093,48827,820
4,,2023-05-16 13:56:12,0,81920,33093,48827,820
4,,2023-05-16 13:56:13,0,81920,33093,48827,820
4,,2023-05-16 13:56:14,0,81920,33093,48827,820
4,,2023-05-16 13:56:15,0,81920,33093,48827,820
4,,2023-05-16 13:56:16,0,81920,40289,41631,820
4,,2023-05-16 13:56:17,0,81920,40289,41631,820
4,,2023-05-16 13:56:18,0,81920,40289,41631,820
4,,2023-05-16 13:56:19,0,81920,38713,43207,820
4,,2023-05-16 13:56:20,0,81920,36663,45257,820
4,,2023-05-16 13:56:21,0,81920,36663,45257,820
4,,2023-05-16 13:56:22,0,81920,35087,46833,820
4,,2023-05-16 13:56:23,0,81920,35087,46833,820
4,,2023-05-16 13:56:24,0,81920,35087,46833,820
4,,2023-05-16 13:56:25,0,81920,31499,50421,820
4,,2023-05-16 13:56:26,0,81920,29923,51997,820
4,,2023-05-16 13:56:27,0,81920,29923,51997,820
4,,2023-05-16 13:56:28,0,81920,29923,51997,820
4,,2023-05-16 13:56:29,0,81920,29923,51997,820
4,,2023-05-16 13:56:30,0,81920,29923,51997,820
4,,2023-05-16 13:56:31,0,81920,29923,51997,820
4,,2023-05-16 13:56:32,0,81920,29923,51997,820
4,,2023-05-16 13:56:33,0,81920,29923,51997,820
4,,2023-05-16 13:56:34,0,81920,29923,51997,820
4,,2023-05-16 13:56:35,0,81920,29923,51997,820
4,,2023-05-16 13:56:36,0,81920,29923,51997,820
4,,2023-05-16 13:56:37,0,81920,29923,51997,820
4,,2023-05-16 13:56:38,0,81920,29923,51997,820
4,,2023-05-16 13:56:39,0,81920,29923,51997,820
4,,2023-05-16 13:56:40,0,81920,29923,51997,820
4,,2023-05-16 13:56:41,0,81920,39229,42691,820
4,,2023-05-16 13:56:42,0,81920,37687,44233,820
4,,2023-05-16 13:56:43,0,81920,37687,44233,820
4,,2023-05-16 13:56:44,0,81920,37687,44233,820
4,,2023-05-16 13:56:45,0,81920,36005,45915,820
4,,2023-05-16 13:56:46,0,81920,36005,45915,820
4,,2023-05-16 13:56:47,0,81920,36005,45915,820
4,,2023-05-16 13:56:48,0,81920,36005,45915,820
4,,2023-05-16 13:56:49,0,81920,34467,47453,820
4,,2023-05-16 13:56:50,0,81920,34467,47453,820
4,,2023-05-16 13:56:51,0,81920,32785,49135,820
4,,2023-05-16 13:56:52,0,81920,32785,49135,820
4,,2023-05-16 13:56:53,0,81920,32785,49135,820
4,,2023-05-16 13:56:54,0,81920,32785,49135,820
4,,2023-05-16 13:56:55,0,81920,32785,49135,820
4,,2023-05-16 13:56:56,0,81920,32785,49135,820
4,,2023-05-16 13:56:57,0,81920,32785,49135,820
4,,2023-05-16 13:56:58,0,81920,32785,49135,820
4,,2023-05-16 13:56:59,0,81920,32785,49135,820
4,,2023-05-16 13:57:00,0,81920,31103,50817,820
4,,2023-05-16 13:57:01,0,81920,31103,50817,820
4,,2023-05-16 13:57:02,0,81920,31103,50817,820
4,,2023-05-16 13:57:03,0,81920,31103,50817,820
4,,2023-05-16 13:57:04,0,81920,31103,50817,820
4,,2023-05-16 13:57:05,0,81920,31103,50817,820
4,,2023-05-16 13:57:06,0,81920,31103,50817,820
4,,2023-05-16 13:57:07,0,81920,31103,50817,820
4,,2023-05-16 13:57:09,0,81920,31103,50817,820
4,,2023-05-16 13:57:10,0,81920,31103,50817,820
4,,2023-05-16 13:57:11,0,81920,31103,50817,820
4,,2023-05-16 13:57:12,0,81920,37093,44827,820
4,,2023-05-16 13:57:13,0,81920,33415,48505,820
4,,2023-05-16 13:57:14,0,81920,31877,50043,820
4,,2023-05-16 13:57:15,0,81920,31877,50043,820
4,,2023-05-16 13:57:16,0,81920,28937,52983,820
4,,2023-05-16 13:57:17,0,81920,28937,52983,820
4,,2023-05-16 13:57:18,0,81920,28937,52983,820
4,,2023-05-16 13:57:19,0,81920,26373,55547,820
4,,2023-05-16 13:57:20,0,81920,26373,55547,820
4,,2023-05-16 13:57:21,0,81920,26373,55547,820
4,,2023-05-16 13:57:22,0,81920,26373,55547,820
4,,2023-05-16 13:57:23,0,81920,26373,55547,820
4,,2023-05-16 13:57:24,0,81920,26373,55547,820
4,,2023-05-16 13:57:25,0,81920,26373,55547,820
4,,2023-05-16 13:57:26,0,81920,26373,55547,820
4,,2023-05-16 13:57:27,0,81920,26373,55547,820
4,,2023-05-16 13:57:28,0,81920,26373,55547,820
4,,2023-05-16 13:57:29,0,81920,26373,55547,820
4,,2023-05-16 13:57:30,0,81920,26373,55547,820
4,,2023-05-16 13:57:31,0,81920,26373,55547,820
4,,2023-05-16 13:57:32,0,81920,26373,55547,820
4,,2023-05-16 13:57:33,0,81920,26373,55547,820
4,,2023-05-16 13:57:34,0,81920,26373,55547,820
4,,2023-05-16 13:57:35,0,81920,26373,55547,820
4,,2023-05-16 13:57:36,0,81920,26373,55547,820
4,,2023-05-16 13:57:37,0,81920,26373,55547,820
4,,2023-05-16 13:57:38,0,81920,31509,50411,820
4,,2023-05-16 13:57:39,0,81920,31509,50411,820
4,,2023-05-16 13:57:40,0,81920,31509,50411,820
4,,2023-05-16 13:57:41,0,81920,29863,52057,820
4,,2023-05-16 13:57:42,0,81920,29863,52057,820
4,,2023-05-16 13:57:43,0,81920,29863,52057,820
4,,2023-05-16 13:57:44,0,81920,29863,52057,820
4,,2023-05-16 13:57:45,0,81920,29863,52057,820
4,,2023-05-16 13:57:46,0,81920,29863,52057,820
4,,2023-05-16 13:57:47,0,81920,28325,53595,820
4,,2023-05-16 13:57:48,0,81920,28325,53595,820
4,,2023-05-16 13:57:49,0,81920,28325,53595,820
4,,2023-05-16 13:57:50,0,81920,28325,53595,820
4,,2023-05-16 13:57:51,0,81920,28325,53595,820
4,,2023-05-16 13:57:52,0,81920,25249,56671,820
4,,2023-05-16 13:57:53,0,81920,25249,56671,820
4,,2023-05-16 13:57:54,0,81920,23603,58317,820
4,,2023-05-16 13:57:55,0,81920,23603,58317,820
4,,2023-05-16 13:57:56,0,81920,23603,58317,820
4,,2023-05-16 13:57:57,0,81920,23603,58317,820
4,,2023-05-16 13:57:58,0,81920,23603,58317,820
4,,2023-05-16 13:57:59,0,81920,23603,58317,820
4,,2023-05-16 13:58:00,0,81920,23603,58317,820
4,,2023-05-16 13:58:01,0,81920,23603,58317,820
4,,2023-05-16 13:58:02,0,81920,23603,58317,820
4,,2023-05-16 13:58:03,0,81920,23603,58317,820
4,,2023-05-16 13:58:04,0,81920,37691,44229,820
4,,2023-05-16 13:58:05,0,81920,36149,45771,820
4,,2023-05-16 13:58:06,0,81920,36149,45771,820
4,,2023-05-16 13:58:07,0,81920,36149,45771,820
4,,2023-05-16 13:58:08,0,81920,34467,47453,820
4,,2023-05-16 13:58:09,0,81920,32929,48991,820
4,,2023-05-16 13:58:10,0,81920,32929,48991,820
4,,2023-05-16 13:58:11,0,81920,32929,48991,820
4,,2023-05-16 13:58:12,0,81920,32929,48991,820
4,,2023-05-16 13:58:13,0,81920,32929,48991,820
4,,2023-05-16 13:58:14,0,81920,29991,51929,820
4,,2023-05-16 13:58:15,0,81920,28453,53467,820
4,,2023-05-16 13:58:16,0,81920,28453,53467,820
4,,2023-05-16 13:58:17,0,81920,28453,53467,820
4,,2023-05-16 13:58:18,0,81920,28453,53467,820
4,,2023-05-16 13:58:19,0,81920,28453,53467,820
4,,2023-05-16 13:58:20,0,81920,28453,53467,820
4,,2023-05-16 13:58:21,0,81920,28453,53467,820
4,,2023-05-16 13:58:22,0,81920,28453,53467,820
4,,2023-05-16 13:58:23,0,81920,28453,53467,820
4,,2023-05-16 13:58:24,0,81920,28453,53467,820
4,,2023-05-16 13:58:25,0,81920,28453,53467,820
4,,2023-05-16 13:58:26,0,81920,28453,53467,820
4,,2023-05-16 13:58:27,0,81920,28453,53467,820
4,,2023-05-16 13:58:28,0,81920,28453,53467,820
4,,2023-05-16 13:58:29,0,81920,24207,57713,820
4,,2023-05-16 13:58:30,0,81920,24207,57713,820
4,,2023-05-16 13:58:31,0,81920,24207,57713,820
4,,2023-05-16 13:58:32,0,81920,24207,57713,820
4,,2023-05-16 13:58:33,0,81920,24207,57713,820
4,,2023-05-16 13:58:34,0,81920,24207,57713,820
4,,2023-05-16 13:58:35,0,81920,25205,56715,820
4,,2023-05-16 13:58:36,0,81920,25205,56715,820
4,,2023-05-16 13:58:37,0,81920,25205,56715,820
4,,2023-05-16 13:58:38,0,81920,25205,56715,820
4,,2023-05-16 13:58:39,0,81920,25205,56715,820
4,,2023-05-16 13:58:40,0,81920,25205,56715,820
4,,2023-05-16 13:58:41,0,81920,25205,56715,820
4,,2023-05-16 13:58:42,0,81920,25205,56715,820
4,,2023-05-16 13:58:43,0,81920,25205,56715,820
4,,2023-05-16 13:58:44,0,81920,25205,56715,820
4,,2023-05-16 13:58:45,0,81920,25205,56715,820
4,,2023-05-16 13:58:46,0,81920,25205,56715,820
4,,2023-05-16 13:58:47,0,81920,25205,56715,820
4,,2023-05-16 13:58:48,0,81920,23667,58253,820
4,,2023-05-16 13:58:49,0,81920,23667,58253,820
4,,2023-05-16 13:58:50,0,81920,23667,58253,820
4,,2023-05-16 13:58:51,0,81920,23667,58253,820
4,,2023-05-16 13:58:52,0,81920,23667,58253,820
4,,2023-05-16 13:58:53,0,81920,23667,58253,820
4,,2023-05-16 13:58:54,0,81920,23667,58253,820
4,,2023-05-16 13:58:55,0,81920,23667,58253,820
4,,2023-05-16 13:58:56,0,81920,23667,58253,820
4,,2023-05-16 13:58:57,0,81920,23667,58253,820
4,,2023-05-16 13:58:58,0,81920,23667,58253,820
4,,2023-05-16 13:58:59,0,81920,23667,58253,820
4,,2023-05-16 13:59:00,0,81920,23667,58253,820
4,,2023-05-16 13:59:01,0,81920,23667,58253,820
4,,2023-05-16 13:59:02,0,81920,22129,59791,820
4,,2023-05-16 13:59:03,0,81920,22129,59791,820
4,,2023-05-16 13:59:04,0,81920,22129,59791,820
4,,2023-05-16 13:59:05,0,81920,25265,56655,820
4,,2023-05-16 13:59:06,0,81920,25265,56655,820
4,,2023-05-16 13:59:07,0,81920,25265,56655,820
4,,2023-05-16 13:59:08,0,81920,25265,56655,820
4,,2023-05-16 13:59:09,0,81920,21019,60901,820
4,,2023-05-16 13:59:10,0,81920,21019,60901,820
4,,2023-05-16 13:59:11,0,81920,21019,60901,820
4,,2023-05-16 13:59:12,0,81920,19337,62583,820
4,,2023-05-16 13:59:13,0,81920,19337,62583,820
4,,2023-05-16 13:59:14,0,81920,19337,62583,820
4,,2023-05-16 13:59:15,0,81920,19337,62583,820
4,,2023-05-16 13:59:16,0,81920,19337,62583,820
4,,2023-05-16 13:59:17,0,81920,19337,62583,820
4,,2023-05-16 13:59:18,0,81920,19337,62583,820
4,,2023-05-16 13:59:19,0,81920,19337,62583,820
4,,2023-05-16 13:59:20,0,81920,19337,62583,820
4,,2023-05-16 13:59:21,0,81920,19337,62583,820
4,,2023-05-16 13:59:22,0,81920,19337,62583,820
4,,2023-05-16 13:59:23,0,81920,19337,62583,820
4,,2023-05-16 13:59:24,0,81920,19337,62583,820
4,,2023-05-16 13:59:25,0,81920,19337,62583,820
4,,2023-05-16 13:59:26,0,81920,19337,62583,820
4,,2023-05-16 13:59:27,0,81920,19337,62583,820
4,,2023-05-16 13:59:28,0,81920,19337,62583,820
4,,2023-05-16 13:59:29,0,81920,19337,62583,820
4,,2023-05-16 13:59:30,0,81920,19337,62583,820
4,,2023-05-16 13:59:31,0,81920,19337,62583,820
4,,2023-05-16 13:59:32,0,81920,19337,62583,820
4,,2023-05-16 13:59:33,0,81920,19337,62583,820
4,,2023-05-16 13:59:34,0,81920,19337,62583,820
4,,2023-05-16 13:59:35,0,81920,22045,59875,820
4,,2023-05-16 13:59:36,0,81920,22045,59875,820
4,,2023-05-16 13:59:37,0,81920,22045,59875,820
4,,2023-05-16 13:59:38,0,81920,22045,59875,820
4,,2023-05-16 13:59:39,0,81920,20363,61557,820
4,,2023-05-16 13:59:40,0,81920,20363,61557,820
4,,2023-05-16 13:59:41,0,81920,20363,61557,820
4,,2023-05-16 13:59:42,0,81920,17799,64121,820
4,,2023-05-16 13:59:43,0,81920,17799,64121,820
4,,2023-05-16 13:59:44,0,81920,16117,65803,820
4,,2023-05-16 13:59:45,0,81920,16117,65803,820
4,,2023-05-16 13:59:46,0,81920,16117,65803,820
4,,2023-05-16 13:59:47,0,81920,16117,65803,820
4,,2023-05-16 13:59:48,0,81920,16117,65803,820
4,,2023-05-16 13:59:49,0,81920,16117,65803,820
4,,2023-05-16 13:59:50,0,81920,16117,65803,820
4,,2023-05-16 13:59:51,0,81920,16117,65803,820
4,,2023-05-16 13:59:52,0,81920,16117,65803,820
4,,2023-05-16 13:59:53,0,81920,16117,65803,820
4,,2023-05-16 13:59:54,0,81920,16117,65803,820
4,,2023-05-16 13:59:55,0,81920,16117,65803,820
4,,2023-05-16 13:59:56,0,81920,16117,65803,820
4,,2023-05-16 13:59:57,0,81920,16117,65803,820
4,,2023-05-16 13:59:58,0,81920,16117,65803,820
4,,2023-05-16 13:59:59,0,81920,16117,65803,820
4,,2023-05-16 14:00:00,0,81920,16117,65803,820
4,,2023-05-16 14:00:01,0,81920,16117,65803,820
4,,2023-05-16 14:00:02,0,81920,16117,65803,820
4,,2023-05-16 14:00:03,0,81920,16117,65803,820
4,,2023-05-16 14:00:04,0,81920,17205,64715,820
4,,2023-05-16 14:00:05,0,81920,17201,64719,820
4,,2023-05-16 14:00:06,0,81920,17201,64719,820
4,,2023-05-16 14:00:07,0,81920,17201,64719,820
4,,2023-05-16 14:00:08,0,81920,17201,64719,820
4,,2023-05-16 14:00:09,0,81920,16145,65775,820
4,,2023-05-16 14:00:10,0,81920,5917,76003,820
4,,2023-05-16 14:00:11,0,81920,5917,76003,820
4,,2023-05-16 14:00:12,0,81920,5917,76003,820
4,,2023-05-16 14:00:13,0,81920,5917,76003,820
4,,2023-05-16 14:00:14,0,81920,2977,78943,820
4,,2023-05-16 14:00:15,0,81920,2977,78943,820
4,,2023-05-16 14:00:16,0,81920,2977,78943,820
4,,2023-05-16 14:00:17,0,81920,2977,78943,820
4,,2023-05-16 14:00:18,0,81920,2977,78943,820
